id,category,matched_actions,scene_id,persona_id,query
N001,日历,welink一键入会；跳转日程,calendar_meeting_join,office_worker,上午十点的评审会快开始了，帮我做个会议卡片，能直接入会，也能点开日程看详情。
N002,日历,查询日程；跳转日程,calendar_next_schedule,college_exam_student,下午课排得有点满，做个下一节课小组件，让我一眼看到几点上什么课，点一下能进日程。
N003,天气,查询天气状况,uv_air_quality_prep,urban_fashion_woman,周末要去逛街，帮我做个出门卡片，看看紫外线和空气质量，天气不好就提醒我。
N004,天气,查询天气状况,laundry_rain_check,home_chore_user,衣服刚洗好，做个晾晒小组件，告诉我今天会不会下雨。
N005,备忘录,跳转到备忘录,memo_today_todo,office_worker,今天事情太多，帮我做个待办卡片，把还没做的事和提醒时间放一起，点一下进备忘录。
N006,备忘录,跳转到备忘录；模式切换（免打扰、睡眠、学习）,evening_todo_wrapup,co_renting_young_adult,晚上收工前做个待办小组件，看看今天还剩几件没完成，顺手切到免打扰。
N007,闹钟,查询日程；跳转闹钟,schedule_wakeup_check,college_exam_student,明早八点有考试，帮我做个起床卡片，把闹钟和考试时间放一起，点一下能进闹钟。
N008,闹钟,查询日程；跳转闹钟,bedtime_tomorrow_plan,office_worker,明天一早要开会，睡前给我做个明日安排小组件，能看会议时间，也能检查闹钟。
N009,闹钟,跳转到备忘录；跳转闹钟,memo_timed_reminder,young_chronic_medication_user,我晚上九点要吃药，做个服药提醒卡片，能看备忘内容，也能直接打开闹钟。
N010,闹钟,跳转睡眠页；跳转闹钟,sleep_alarm_adjust,fitness_runner,最近早上总起不来，帮我做个睡眠卡片，看看昨晚睡得怎么样，点一下去调闹钟。
N011,闹钟,跳转到每日30首和收藏页面；跳转闹钟,sleep_music_alarm,gen_z_student,今晚想听歌早点睡，做个睡前小组件，能进收藏歌单，也能打开明早的闹钟。
N012,闹钟,跳转到备忘录；跳转闹钟,pet_fed_tracker,pet_owner,我怕早上忘了喂猫，帮我做个喂猫提醒卡片，记录有没有喂，点一下能看闹钟。
N013,闹钟,跳转闹钟；跳转日程,sleep_next_day_duration_forecast,internet_overtime_worker,今晚又得加班，做个睡眠提醒卡片，根据明早的日程和闹钟让我知道还能睡多久。
N014,电话,拨打电话,missed_call_quick_return,office_worker,开会时漏了电话，帮我做个未接来电卡片，看到是谁后能直接回拨。
N015,电话,拨打电话,important_contact_quick_dial,retired_senior,给我做个家人联系卡片，把女儿放在最显眼的位置，点一下就能打电话。
N016,电话,拨打电话,call_last_record_quick_view,field_sales_worker,客户电话太多了，做个最近通话小组件，看看上次聊了多久，能直接再拨过去。
N017,电池,一键开启省电模式,low_battery_outdoor,delivery_ride_worker,准备跑单了，做个电量卡片，告诉我手机能不能撑到收工，电不够就能开省电模式。
N018,电池,跳转到电池设置页面,pre_sleep_charging_check,forgetful_living_senior,睡觉前帮我做个充电检查卡片，看看手机有没有插上充电器，点一下进电池设置。
N019,运动健康,跳转运动健康首页,post_exercise_summary,fitness_runner,刚跑完五公里，帮我做个运动卡片，看看这次跑了多久、消耗多少，点一下看详情。
N020,运动健康,跳转睡眠页,sleep_supervision,internet_overtime_worker,昨晚又熬夜了，做个睡眠小组件，让我一眼看到睡了多久、睡得好不好，点一下能看睡眠详情。
N021,相机,查询天气状况；跳转到相机界面,weather_photo_prep,freelance_creator,下午想去江边拍照，做个外拍卡片，看看天气和体感温度，点一下能开相机。
N022,相机,跳转到相机界面；跳转到电池设置页面,shooting_battery_check,freelance_creator,准备拍一下午，帮我做个拍摄保障卡片，看看手机电量和温度，能直接开相机或进电池设置。
N023,相机,跳转到备忘录；查询天气状况；跳转到相机界面,photo_trip_check,freelance_creator,周末去山里拍照，做个出发清单卡片，看看天气和器材备忘，点一下打开相机。
N024,相机,查询天气状况；跳转到相机界面,extreme_weather_shooting_guard,freelance_creator,今天有大风预警还要外拍，做个拍摄安全小组件，提醒天气和电量，能直接开相机。
N025,相机,跳转到相机界面；跳转去导航,spot_shooting_return,frequent_business_traveler,到景点想拍完就回酒店，做个行程卡片，能一键开相机，拍完直接导航回去。
N026,相机,查询天气状况,weather_location_shooting_decision,urban_fashion_woman,周末想拍穿搭，帮我做个取景卡片，结合当前位置和天气告诉我适不适合拍。
N027,相机,查询天气状况；跳转到相机界面,weather_photo_prep,urban_fashion_woman,中午要拍探店照片，做个拍照小组件，先看紫外线和温度，再快速打开相机。
N028,相机,跳转到相机界面,shooting_battery_check,teacher_trainer,下午要录一节公开课，帮我做个拍摄卡片，确认电量够不够，点一下直接进相机。
N029,相机,跳转到备忘录；查询天气状况；跳转到相机界面,photo_trip_check,college_exam_student,社团周末出去拍片，做个出行小组件，把天气、拍摄清单和相机入口放一起。
N030,相机,查询天气状况；跳转到相机界面,extreme_weather_shooting_guard,car_commuter,自驾去郊外拍照，做个外拍卡片，看看有没有天气预警和手机发热，能直接开相机。
N031,位置,跳转去导航,current_location_navigation,delivery_ride_worker,刚送完一单有点绕，帮我做个当前位置卡片，点一下就能导航去下一个地方。
N032,位置,跳转去导航；拨打电话,arrival_contact_navigation,field_sales_worker,到客户附近了，做个到访卡片，看看我离目的地还有多远，快到时能直接打电话。
N033,位置,拨打电话,low_battery_safety_contact,new_parent,带孩子出门时手机快没电了，做个安全联络卡片，能看当前位置，也能快速给家里打电话。
N034,位置,查询天气状况,weather_location_shooting_decision,freelance_creator,临时换了外拍地点，帮我做个地点参考卡片，结合我现在的位置和天气判断能不能拍。
N035,位置,跳转去导航,current_location_navigation,car_commuter,停车场太大找不到出口，帮我做个位置小组件，确认我在哪，点一下开始导航。
N036,位置,跳转去导航；拨打电话,arrival_contact_navigation,frequent_business_traveler,刚落地要去见客户，做个赴约卡片，能看现在在哪，到附近后直接联系对方。
N037,位置,拨打电话,low_battery_safety_contact,forgetful_living_senior,我一个人出门，手机又快没电了，帮我做个安全卡片，把位置和家人联系入口放在一起。
N038,位置,查询天气状况,weather_location_shooting_decision,urban_fashion_woman,周末想在附近拍照，做个取景小组件，看看我在哪、外面天气怎么样。
N039,位置,跳转去导航,current_location_navigation,short_trip_errand_user,临时来这边办事有点迷路，做个定位卡片，让我看到当前位置，点一下就能导航。
N040,位置,跳转去导航；拨打电话,arrival_contact_navigation,retired_senior,去医院复诊怕走错楼，帮我做个到院卡片，看看还有多远，找不到时能直接打电话。
N041,音乐,跳转音乐首页；跳转到每日30首和收藏页面,headset_music_shortcut,car_commuter,上车后不想再翻手机，帮我做个听歌卡片，看看耳机连上没，点一下进我收藏的歌单。
N042,音乐,跳转锻炼时长页；跳转到每日30首和收藏页面,sport_music_control,fitness_runner,跑步时不想来回切应用，做个运动音乐小组件，能看运动时间，也能直接进歌单。
N043,音乐,跳转音乐首页；跳转到每日30首和收藏页面；模式切换（免打扰、睡眠、学习）,music_focus_sleep,internet_overtime_worker,加班时想安静听点歌，帮我做个专注音乐卡片，能打开收藏歌单，也能顺手开免打扰。
N044,音乐,跳转到每日30首和收藏页面；跳转闹钟,sleep_music_alarm,college_exam_student,睡前想听会儿歌，做个晚安小组件，点一下进收藏歌单，也能检查明早的闹钟。
N045,音乐,跳转音乐首页；跳转到每日30首和收藏页面,headset_music_shortcut,fitness_runner,出门跑步前，帮我做个耳机音乐卡片，先看耳机有没有连上，然后直接进每日推荐。
N046,音乐,跳转音乐首页；模式切换（免打扰、睡眠、学习）,music_focus_sleep,office_worker,午休想听点轻松的，做个午休音乐卡片，能快速进音乐，也能顺手切到免打扰。
N047,导航,查询日程；跳转去导航,schedule_location_navigation,office_worker,下一场会在园区另一栋楼，帮我做个会议导航卡片，看到地点后能直接导航过去。
N048,导航,跳转到备忘录；跳转去导航,memo_location_navigation,novice_renter,周末要去看房，做个看房卡片，从备忘录找到地址，点一下就导航过去。
N049,导航,跳转去导航,current_location_navigation,frequent_business_traveler,刚出机场不熟路，帮我做个出行卡片，从当前位置直接导航去酒店。
N050,导航,跳转去导航；拨打电话,arrival_contact_navigation,field_sales_worker,去客户公司怕走错门，做个拜访小组件，能直接导航，快到时也能打电话。
N051,导航,跳转去导航；拨打电话；一键开启省电模式,low_battery_trip_guard,short_trip_errand_user,手机快没电了还得赶回家，做个返程卡片，能导航回家、联系家人，也能顺手开省电。
N052,导航,跳转到相机界面；跳转去导航,spot_shooting_return,freelance_creator,黄金时刻快到了，做个拍摄行程卡片，到点直接开相机，拍完一键导航返程。
N053,导航,查询日程；跳转去导航,schedule_location_navigation,teacher_trainer,下节课换到另一栋教学楼，做个上课卡片，看到教室后能直接导航。
N054,导航,跳转到备忘录；跳转去导航,memo_location_navigation,pet_owner,周末要带猫去打针，做个就诊卡片，从备忘录看地址和要带的东西，点一下开始导航。
N055,导航,跳转去导航,current_location_navigation,delivery_ride_worker,下一单在附近商场，帮我做个跑单卡片，从我现在的位置直接导航过去。
N056,导航,跳转去导航；拨打电话,arrival_contact_navigation,retired_senior,今天去新医院复诊，帮我做个出行卡片，能导航到门诊楼，必要时直接打电话问路。
N057,导航,跳转去导航；拨打电话；一键开启省电模式,low_battery_trip_guard,delivery_ride_worker,跑单跑到快没电，做个应急小组件，能导航回站点、联系队友，还能一键开省电。
N058,导航,跳转到相机界面；跳转去导航,spot_shooting_return,urban_fashion_woman,想去新开的展览拍照，做个探店卡片，到地方能快速开相机，结束后直接导航回家。
N059,系统设置,开启专注免打扰开关,driving_focus_mode,car_commuter,刚上车准备开高速，帮我做个驾驶模式卡片，点一下就开免打扰。
N060,系统设置,跳到设置健康使用设备页面,app_usage_overlimit,gen_z_student,最近刷短视频有点过头，做个用机时长卡片，看看今天用了多久，点一下去设置限制。
Q037,日历+天气,查询日程；查询天气状况,schedule_weather_prep,field_sales_worker,明早要去客户那儿开会，帮我做个出门卡片，把会议时间和当地天气放一起，让我提前知道该几点走。
Q038,日历+运动健康,查询日程；跳转运动健康首页,schedule_sport_readiness,fitness_runner,晚上约了跑步，帮我做个运动安排卡片，看看几点开始和我今天的状态，点一下能进运动健康。
Q041,运动健康+音乐,跳转锻炼时长页；跳转到每日30首和收藏页面,sport_music_control,gen_z_student,晚饭后要去健身房，帮我做个运动音乐卡片，能看锻炼时长，也能直接打开收藏歌单。
Q042,运动健康+音乐,跳转锻炼时长页；跳转到每日30首和收藏页面,sport_music_control,fitness_runner,周末骑车时不想来回切应用，帮我做个骑行音乐小组件，能看运动时间，点一下进常听歌单。
Q045,运动健康+闹钟,跳转睡眠页；跳转闹钟,sleep_alarm_adjust,internet_overtime_worker,最近睡得有点晚，帮我做个睡眠闹钟卡片，看看昨晚睡了多久，点一下去调明早闹钟。
Q047,电池+导航,跳转去导航；一键开启省电模式,low_battery_trip_guard,delivery_ride_worker,手机电量不多了还得赶回家，帮我做个返程卡片，能直接导航回家，也能顺手开省电模式。
Q052,天气+相机,查询天气状况；跳转到相机界面,weather_photo_prep,freelance_creator,周末想去公园拍照，帮我做个外拍卡片，先看看天气和体感温度，点一下直接开相机。
Q060,音乐+闹钟,跳转到每日30首和收藏页面；跳转闹钟,sleep_music_alarm,internet_overtime_worker,晚上想听点轻松的早点睡，帮我做个晚安音乐卡片，能进收藏歌单，也能打开明早的闹钟。
N061,闹钟+音乐,跳转到每日30首和收藏页面；跳转闹钟,sleep_music_alarm,coffee_regular,想整一个音乐闹钟卡片，午休前想放点舒缓音乐，让我从卡片直接打开助眠音乐，另外让我快速确认闹钟有没有设好。
N062,日历+相机,查询日程；跳转日程；跳转到相机界面,spot_shooting_return,frequent_business_traveler,到点就得开拍，怕错过安排。帮我做个摄影安排卡片，让我看清今天还有什么安排，也能打开日程，另外让我从卡片直接进入相机，最好一眼就能看明白。
N063,备忘录+电话,跳转到备忘录；拨打电话,memo_call_briefing,new_parent,准备给房东打电话确认事情。我想要一个电话备忘卡片，把之前记下的注意事项带上，另外需要时能直接给对方打电话，信息简单点就行。
N064,闹钟+音乐,跳转到每日30首和收藏页面；跳转闹钟,sleep_music_alarm,coffee_regular,帮我做个音乐闹钟卡片吧，午休前想放点舒缓音乐，让我睡前能快速进入常听歌单，另外显示最近的起床提醒，并能打开闹钟，信息简单点就行。
N065,运动健康+系统设置,跳转锻炼时长页；开启专注免打扰开关；模式切换（免打扰、睡眠、学习）,sport_focus_mode,gen_z_student,给我来个训练模式小组件，户外运动时不方便频繁看手机，显示今天的活动进度，点一下查看锻炼详情，同时让我能从卡片快速进入专注状态，最好一眼就能看明白。
N066,闹钟+音乐,跳转到每日30首和收藏页面；跳转闹钟,sleep_music_alarm,coffee_regular,帮我做个助眠提醒卡片吧，晚上想听点轻松的早点睡，留一个舒缓音乐入口，准备休息时直接打开，同时把起床提醒和闹钟入口放在一起，最好一眼就能看明白。
N067,备忘录+运动健康,跳转到备忘录；跳转锻炼时长页,memo_sport_execution,freelance_home_worker,最近想按计划把运动坚持下来。帮我做个锻炼清单卡片，把备忘标题和未完成事项放在一起，先看看今天的训练记录，再决定下一步，最好一眼就能看明白。
N068,电话+位置,拨打电话,low_battery_safety_contact,novice_driver,到陌生地方后需要尽快联系家人，想要一个报平安小组件，显示当前位置，方便家里人知道我在哪，另外让我能从卡片马上联系家里人，把最重要的放前面。
N069,日历+电话,查询日程；跳转日程；拨打电话,schedule_quick_contact,frequent_business_traveler,临时可能会晚到几分钟，给我做个安排确认卡片，把会议安排和具体时间放上去，点一下能核对日程，另外需要时能直接给对方打电话。
N070,日历+系统设置,查询日程；跳转日程；开启专注免打扰开关；模式切换（免打扰、睡眠、学习）,focus_before_meeting,senior_programmer,弄个会议专注卡片，开部门例会前想先把状态调整好，显示临近会议的名称和时间，并留一个日程入口，再让我少点几步就能开启专注，操作尽量直接一点。
N071,相机+位置,跳转到相机界面,spot_shooting_return,short_trip_errand_user,给我做个取景小组件，在外面看到不错的取景点，让我一眼看到当前所在地点，再到地方后能快速打开相机，别让我来回切应用。
N072,电话+位置,拨打电话,low_battery_safety_contact,night_market_vendor,弄个安全联系卡片，晚上回去得晚，想先报个平安，显示我现在的位置，方便确认从哪里出发，另外把常用联系人和拨号入口放在一起，信息简单点就行。
N073,日历+天气,查询日程；跳转日程；查询天气状况,schedule_weather_prep,field_sales_worker,今天要去外面参加评审会。帮我做个行程天气卡片，把接下来的会议时间列出来，也保留日程入口，另外告诉我出门时是什么天气，有预警就提醒，最好一眼就能看明白。
N074,日历+导航,查询日程；跳转日程；跳转去导航,schedule_location_navigation,frequent_business_traveler,给我做个上班行程小组件，准备从家去公司赶下一场安排，先告诉我下一件事几点开始，并能进入日程，再点一下直接进入去公司的导航，把最重要的放前面。
N075,天气+电池,查询天气状况；跳转到电池设置页面,weather_battery_protect,night_market_vendor,下雨天要长时间用手机。做个出门状态卡片，先看看天气是不是适合按原计划出门，另外先看看手机还剩多少电，再决定后面的安排。
N076,闹钟+系统设置,跳转闹钟；模式切换（免打扰、睡眠、学习）,bedtime_tomorrow_plan,college_exam_student,想整一个晚间安排卡片，准备睡了，明早还有安排，把起床提醒和闹钟入口放在一起，同时保留睡眠模式切换，避免继续被消息打扰。
N077,音乐+系统设置,跳转到每日30首和收藏页面,headset_music_shortcut,mobile_gamer,准备做家务，想边听歌边收拾。给我来个音乐快捷卡片，显示左右耳机和耳机盒的电量情况，另外把常听歌单放上去，少翻几层页面，赶时间时也方便用。
N078,天气+相机,查询天气状况；跳转到相机界面,weather_photo_prep,short_trip_errand_user,帮我做个拍摄天气卡片，周末约了外拍，让我先看天气和温度，再决定是否出门，另外点一下就能开相机，别让我现场再找，信息简单点就行。
N079,电池+位置,跳转到电池设置页面,low_battery_safety_contact,night_market_vendor,做个电量定位卡片，跑单途中电量偏低，想先确认自己位置，告诉我剩余电量，点一下再看电池详情，同时把当前所在位置放上去，把最重要的放前面。
N080,相机+位置,跳转到相机界面,spot_shooting_return,short_trip_errand_user,走到陌生街区想随手拍一下，给我做个取景小组件，把出发位置和当前位置放在一起，另外让我少点几步就能进入相机，临时要用时别绕太多层。
N081,天气+位置,查询天气状况,weather_location_shooting_decision,night_market_vendor,来个当前位置天气卡片，准备在附近活动一会儿，把出发位置和当前位置放在一起，同时让我先看天气和温度，再决定是否出门，最好一眼就能看明白。
N082,电池+相机,跳转到电池设置页面；跳转到相机界面,shooting_battery_check,college_exam_student,今天拍摄时间比较长，帮我做个拍摄续航卡片吧，显示剩余电量和充电状态，点一下能看电池详情，同时让我从卡片直接进入相机，信息简单点就行。
N083,电话+电池,跳转到电池设置页面；拨打电话,low_battery_safety_contact,car_commuter,想要一个电量电话卡片，晚上独自在外，手机续航有点悬，显示手机电量和是否在充电，同时让我不用翻通讯录就能联系家里，最好一眼就能看明白。
N084,日历+导航,查询日程；跳转日程；跳转去导航,schedule_location_navigation,field_sales_worker,下一项安排在公司，快到出发时间了，给我做个出发安排卡片，把明天的安排和提醒时间带上，同时让我少点几步就能导航到公司，最好一眼就能看明白。
N085,电话+电池,跳转到电池设置页面；拨打电话,low_battery_safety_contact,night_market_vendor,弄个电量电话卡片，晚上独自在外，手机续航有点悬，先看看手机还剩多少电，再决定后面的安排，另外需要帮助时能直接给家人打电话，操作尽量直接一点。
N086,导航+系统设置,跳转去导航；一键开启省电模式,low_battery_trip_guard,car_commuter,想要一个省电导航卡片，准备回家，想尽量少耗电，显示当前位置后可以马上导航回家，另外电量不够时能一键开启省电模式，临时要用时别绕太多层。
N087,天气+电池,查询天气状况；跳转到电池设置页面,weather_battery_protect,night_market_vendor,天气很冷，担心手机掉电快。来个设备保护小组件，显示最新天气，有预警时别漏掉，再告诉我剩余电量，点一下再看电池详情，把最重要的放前面。
N088,音乐+系统设置,模式切换（免打扰、睡眠、学习）；跳转到每日30首和收藏页面,music_focus_sleep,mobile_gamer,睡前不想继续刷手机。想整一个晚间音乐卡片，把晚间模式入口放在顺手的位置，另外把晚间常听的音乐放在顺手的位置，最好一眼就能看明白。
N089,闹钟+音乐,跳转到每日30首和收藏页面；跳转闹钟,sleep_music_alarm,coffee_regular,午休前想放点舒缓音乐。帮我做个音乐闹钟卡片吧，留一个舒缓音乐入口，准备休息时直接打开，另外让我快速确认闹钟有没有设好，我想少点几下。
N090,电池+导航,跳转到电池设置页面；跳转去导航,low_battery_trip_guard,delivery_ride_worker,在外面忙了一天，电量已经偏低，做个续航导航小组件，让我一眼看到电量，必要时能打开电池设置，再让我少点几步就能导航回家。
N091,电池+导航,跳转到电池设置页面；跳转去导航,low_battery_trip_guard,car_commuter,想要一个低电量返程卡片，跑完最后一单准备返程，显示剩余电量和充电状态，点一下能看电池详情，另外让我少点几步就能导航回家。
N092,日历+相机,查询日程；跳转日程；跳转到相机界面,spot_shooting_return,college_exam_student,拍摄安排快到了。给我来个摄影安排卡片，把当天剩下的安排放上去，方便随时核对，另外到地方后能快速打开相机，别让我来回切应用。
N093,电话+导航,跳转去导航；拨打电话,arrival_contact_navigation,novice_driver,准备去公司见客户。给我做个出发联络小组件，让我从当前位置马上开始去公司导航，另外把联系人和拨号入口放在一起，信息简单点就行。
N094,备忘录+闹钟,跳转到备忘录；跳具体的tab页（跳转世界时钟、秒表、计时器）,memo_timed_reminder,young_chronic_medication_user,临时事情多，怕错过计时。想要一个定时待办小组件，把备忘里的待办和提醒时间带上，点一下能进备忘录，同时点一下能打开计时器查看剩余时间，把最重要的放前面。
N095,电池+相机,跳转到电池设置页面；跳转到相机界面,shooting_battery_check,frequent_business_traveler,今天拍摄时间比较长，帮我做个开拍准备卡片，把电量状态放在最显眼的位置，也保留详情入口，另外让我少点几步就能进入相机，把最重要的放前面。
N096,天气+备忘录,跳转到备忘录；查询天气状况,trip_luggage_weather,household_stockpiler,想要一个出门准备卡片，出差前想把清单和天气一起过一遍，显示备忘里的重点项目和未完成项，再显示现在的天气、体感和预警信息，把最重要的放前面。
N097,相机+导航,跳转到相机界面；跳转去导航,spot_shooting_return,short_trip_errand_user,到地方要马上开拍，拍完就返程。帮我做个外拍导航小组件，留一个相机入口，到点就能开始拍，另外把回家路线入口放上去，别让我来回切应用。
N098,天气+位置,查询天气状况,weather_location_shooting_decision,delivery_ride_worker,准备在附近活动一会儿，做个当前位置天气卡片，显示我现在的位置，方便确认从哪里出发，再告诉我出门时是什么天气，有预警就提醒，赶时间时也方便用。
N099,闹钟+音乐,跳转到每日30首和收藏页面；跳转闹钟,sleep_music_alarm,coffee_regular,想整一个音乐闹钟卡片，午休前想放点舒缓音乐，留一个舒缓音乐入口，准备休息时直接打开，另外让我快速确认闹钟有没有设好，赶时间时也方便用。
N100,天气+电话,查询天气状况；拨打电话,weather_care_contact,night_market_vendor,看到家那边天气不太好，弄个家人联络小组件，天气变差时给我一个明显提醒，另外保留一键联络，电量不多时少操作几步，临时要用时别绕太多层。
N101,电池+相机,跳转到电池设置页面；跳转到相机界面,shooting_battery_check,freelance_creator,到现场后想直接开拍，给我做个拍摄续航卡片，把当前电量、充电状态和电池入口放在一起，同时到地方后能快速打开相机，最好一眼就能看明白。
N102,电池+导航,跳转到电池设置页面；跳转去导航,low_battery_trip_guard,field_sales_worker,想要一个低电量返程卡片，手机电量不多了还得赶回家，告诉我剩余电量，点一下再看电池详情，另外把回家路线入口放上去，我想少点几下。
N103,日历+系统设置,查询日程；跳转日程；开启专注免打扰开关；模式切换（免打扰、睡眠、学习）,focus_before_meeting,senior_programmer,下一场项目同步会快开始了，做个日程专注卡片，把会议名称、开始时间和日程入口放在一起，另外把模式切换放在顺手的位置，最好一眼就能看明白。
N104,音乐+系统设置,模式切换（免打扰、睡眠、学习）；跳转到每日30首和收藏页面,music_focus_sleep,mobile_gamer,睡前不想继续刷手机，想整一个助眠小组件，准备休息时能直接切到睡眠模式，再留一个舒缓音乐入口，准备休息时直接打开，临时要用时别绕太多层。
N105,天气+电话,查询天气状况；拨打电话,weather_care_contact,frequent_business_traveler,天气突然变差，想问问家里情况，帮我做个天气联系卡片，把天气现象、体感和预警放在一起，同时留一个快速拨号入口，方便随时报平安，信息简单点就行。
N106,运动健康+系统设置,跳转锻炼时长页；开启专注免打扰开关；模式切换（免打扰、睡眠、学习）,sport_focus_mode,gen_z_student,进健身房后想专心练一会儿，帮我做个训练模式小组件吧，看看今天的运动状态和锻炼时长，点一下能看详情，另外开会或训练前可以直接打开免打扰，信息简单点就行。
N107,电池+运动健康,跳转到电池设置页面；跳转锻炼时长页,outdoor_sport_device_guard,college_exam_student,户外训练时间会比较长，给我来个运动续航卡片，让我先确认手机还有多少电，也能进入电池设置，同时显示步数、运动时间和消耗情况，别让我来回切应用。
N108,天气+电话,查询天气状况；拨打电话,weather_care_contact,field_sales_worker,帮我做个天气联系卡片，父母那边可能有大风降雨，先看看天气是不是适合按原计划出门，另外留一个快速拨号入口，方便随时报平安，临时要用时别绕太多层。
N109,电话+电池,跳转到电池设置页面；拨打电话,low_battery_safety_contact,night_market_vendor,出差路上电量偏低，来个电量电话卡片，显示手机电量和是否在充电，另外把家人联系方式放上去，点一下就能拨号，别让我来回切应用。
N110,闹钟+运动健康,跳转睡眠页；跳转闹钟,sleep_alarm_adjust,young_chronic_medication_user,昨晚睡得有点晚，明早还得早起，帮我做个早起睡眠卡片，让我先看睡眠时长和状态，另外显示最近的起床提醒，并能打开闹钟，最好一眼就能看明白。
N111,相机+位置,跳转到相机界面,spot_shooting_return,short_trip_errand_user,在外面看到不错的取景点。帮我做个取景小组件，显示我此刻的位置，别让我手动再找，另外把相机入口放上去，适合时马上开拍，我想少点几下。
N112,电池+运动健康,跳转到电池设置页面；跳转锻炼时长页,outdoor_sport_device_guard,college_exam_student,准备开始运动，怕手机中途没电，给我来个运动续航卡片，把电量状态放在最显眼的位置，也保留详情入口，另外把运动时长和当前状态放上去，把最重要的放前面。
N113,日历+电话+导航,查询日程；跳转日程；跳转去导航；拨打电话,arrival_contact_navigation,field_sales_worker,下一场公司会议快到了，想把出发和联络放一起。想要一个会议出发卡片，让我先看清几点开什么会，点一下还能进日程，再让我少点几步就能导航到公司，同时把联系人和拨号入口放在一起，操作尽量直接一点。
N114,电话+电池,跳转到电池设置页面；拨打电话,low_battery_safety_contact,car_commuter,出差路上电量偏低，给我做个低电量联络卡片，让我一眼看到电量，必要时能打开电池设置，再让我不用翻通讯录就能联系家里。
N115,位置+导航,跳转去导航,current_location_navigation,novice_driver,晚上结束工作准备回去。想要一个返程小组件，显示我此刻的位置，别让我手动再找，同时点一下就能开始回家导航，信息简单点就行。
N116,日历+系统设置,查询日程；跳转日程；开启专注免打扰开关；模式切换（免打扰、睡眠、学习）,focus_before_meeting,senior_programmer,准备进会议室，不想再被消息打断。弄个会议专注卡片，把接下来的会议时间列出来，也保留日程入口，再让我少点几步就能开启专注，我想少点几下。
N117,天气+电话,查询天气状况；拨打电话,weather_care_contact,frequent_business_traveler,家里人今天要出门。想要一个家人联络小组件，显示会不会下雨，有恶劣天气就标出来，同时让我能从卡片马上联系家里人，信息简单点就行。
N118,日历+天气,查询日程；跳转日程；查询天气状况,schedule_weather_prep,freelance_creator,帮我做个出门安排小组件，明早有个不能迟到的安排，让我一眼看到会议标题和时间，点一下查看详情，同时显示天气现象和体感，方便决定怎么准备，操作尽量直接一点。
N119,电池+相机,跳转到电池设置页面；跳转到相机界面,shooting_battery_check,frequent_business_traveler,想要一个开拍准备卡片，出门拍摄前发现电量一般，先看看手机还剩多少电，再决定后面的安排，另外到地方后能快速打开相机，临时要用时别绕太多层。
N120,闹钟+音乐,跳转到每日30首和收藏页面；跳转闹钟,sleep_music_alarm,internet_overtime_worker,加班结束后脑子还停不下来。帮我做个晚安小组件，把收藏里的轻音乐入口放上去，再把明早的闹钟入口放上去，点一下能查看，别让我来回切应用。
N121,备忘录+闹钟,跳转到备忘录；跳具体的tab页（跳转世界时钟、秒表、计时器）,pet_fed_tracker,new_parent,晚上回家要核对宠物照护记录。麻烦做个宠物记录卡片，先看看今天的喂食备忘有没有完成，另外把计时器放在顺手的位置，别让我来回切应用。
N122,电话+位置,拨打电话,low_battery_safety_contact,forgetful_living_senior,麻烦做个位置联络卡片，临时换了位置，准备和家里说一声，把当前所在位置放上去，同时把家人联系方式放上去，点一下就能拨号，把最重要的放前面。
N123,闹钟+音乐,跳转到每日30首和收藏页面；跳转闹钟,sleep_music_alarm,coffee_regular,给我来个音乐闹钟卡片，午休前想放点舒缓音乐，让我睡前能快速进入常听歌单，另外让我看完安排后能直接去看闹钟，别让我来回切应用。
N124,闹钟+音乐,跳转到每日30首和收藏页面；跳转闹钟,sleep_music_alarm,gen_z_student,给我来个助眠提醒卡片，明早要早起，今晚想早点休息，让我睡前能快速进入常听歌单，同时把闹钟入口留出来，方便确认明早时间，最好一眼就能看明白。
N125,音乐+系统设置,模式切换（免打扰、睡眠、学习）；跳转到每日30首和收藏页面,music_focus_sleep,mobile_gamer,睡前不想继续刷手机，帮我做个晚间音乐卡片吧，让我从卡片快速进入睡眠模式，同时让我从卡片直接打开助眠音乐，把最重要的放前面。
N126,电池+相机,跳转到电池设置页面；跳转到相机界面,shooting_battery_check,freelance_creator,马上要开始街拍，想要一个开拍准备卡片，显示剩余电量和充电状态，点一下能看电池详情，另外保留一个明显的拍摄入口，临时要用时别绕太多层。
N127,位置+导航,跳转去导航,current_location_navigation,novice_driver,忙完手上的事，不想再找当前位置，帮我做个返程小组件，把出发位置和当前位置放在一起，再从当前位置直接导航回家，信息简单点就行。
N128,备忘录+运动健康,跳转到备忘录；跳转锻炼时长页,memo_sport_execution,freelance_home_worker,最近想按计划把运动坚持下来。给我做个锻炼清单卡片，把备忘标题和未完成事项放在一起，另外让我快速看运动数据和完成情况，我想少点几下。
N129,音乐+系统设置,跳转到每日30首和收藏页面,headset_music_shortcut,mobile_gamer,上车后不想再翻手机。给我来个音乐快捷卡片，让我一眼确认蓝牙耳机是否已连接，同时让我从卡片直接进入收藏音乐，赶时间时也方便用。
N130,电池+导航,跳转到电池设置页面；跳转去导航,low_battery_trip_guard,delivery_ride_worker,在外面忙了一天，电量已经偏低，来个低电量返程卡片，把电量状态放在最显眼的位置，也保留详情入口，同时需要返程时能直接打开回家导航，我想少点几下。
N131,天气+备忘录,跳转到备忘录；查询天气状况,trip_luggage_weather,market_grocery_buyer,周末出门，衣服和用品还没决定。我想要一个出门准备卡片，让我快速过一遍准备清单和提醒，同时显示天气现象和体感，方便决定怎么准备，把最重要的放前面。
N132,闹钟+音乐,跳转到每日30首和收藏页面；跳转闹钟,sleep_music_alarm,internet_overtime_worker,帮我做个音乐闹钟卡片，午休前想放点舒缓音乐，把收藏里的轻音乐入口放上去，同时点一下就能打开明早的闹钟，别让我来回切应用。
N133,备忘录+电话,跳转到备忘录；拨打电话,memo_call_briefing,new_parent,马上要和客户沟通，麻烦做个联络要点卡片，显示备忘中的重点，避免临时忘词，同时需要改计划时能马上打电话说明。
N134,日历+天气+电话,查询日程；跳转日程；查询天气状况；拨打电话,bad_weather_reschedule,field_sales_worker,外出安排快到了，但天气突然变差，给我做个天气日程联络卡片，让我一眼看到会议标题和时间，点一下查看详情，另外把当前天气和预警信息放上去，再点一下就能联系对方，不用再翻通讯录，别让我来回切应用。
N135,运动健康+音乐,跳转锻炼时长页；跳转到每日30首和收藏页面,sport_music_control,freelance_home_worker,今天训练想配个熟悉的歌单，给我做个锻炼音乐卡片，先看看今天的训练记录，再决定下一步，同时把常听歌单放上去，少翻几层页面，赶时间时也方便用。
N136,日历+系统设置,查询日程；跳转日程；开启专注免打扰开关；模式切换（免打扰、睡眠、学习）,focus_before_meeting,senior_programmer,下一场部门例会快开始了，做个会议专注卡片，先告诉我下一场会是什么时候，还能直接看日程，同时让我能从卡片快速进入专注状态，别让我来回切应用。
N137,位置+导航,跳转去导航,current_location_navigation,novice_driver,晚上结束工作准备回去，想要一个返程小组件，把当前所在位置放上去，再把回家路线入口放上去，赶时间时也方便用。
N138,闹钟+系统设置,跳转闹钟；模式切换（免打扰、睡眠、学习）,bedtime_tomorrow_plan,gen_z_student,帮我做个睡前设置卡片吧，最近总是睡前忘记切模式，把闹钟入口留出来，方便确认明早时间，再准备睡觉时少点几步就能安静下来，操作尽量直接一点。
N139,运动健康+系统设置,跳转锻炼时长页；开启专注免打扰开关；模式切换（免打扰、睡眠、学习）,sport_focus_mode,fitness_runner,进健身房后想专心练一会儿。帮我做个运动专注卡片，看看今天的运动状态和锻炼时长，点一下能看详情，再需要安静时能马上切到免打扰模式，我想少点几下。
N140,天气+位置,查询天气状况,weather_location_shooting_decision,short_trip_errand_user,帮我做个位置天气卡片，准备在附近活动一会儿，显示当前位置，方便家里人知道我在哪，另外看看当地天气、体感温度和会不会下雨，我想少点几下。
N141,音乐+系统设置,模式切换（免打扰、睡眠、学习）；跳转到每日30首和收藏页面,music_focus_sleep,mobile_gamer,午休前想听点轻松的，帮我做个晚间音乐卡片吧，准备睡觉时少点几步就能安静下来，再让我睡前能快速进入常听歌单。
N142,天气+位置,查询天气状况,weather_location_shooting_decision,night_market_vendor,弄个户外决策小组件，在外面选拍摄地点，拿不准天气，把出发位置和当前位置放在一起，另外显示现在的天气、体感和预警信息，把最重要的放前面。
N143,电话+位置,拨打电话,low_battery_safety_contact,forgetful_living_senior,麻烦做个报平安小组件，晚上回去得晚，想先报个平安，显示我现在的位置，方便确认从哪里出发，再把常用联系人和拨号入口放在一起，我想少点几下。
N144,电池+位置,跳转到电池设置页面,low_battery_safety_contact,car_commuter,跑单途中电量偏低，想先确认自己位置，想要一个低电量位置卡片，告诉我剩余电量，点一下再看电池详情，另外显示当前位置，方便家里人知道我在哪，操作尽量直接一点。
N145,日历+闹钟,查询日程；跳转日程；跳转闹钟,schedule_wakeup_check,teacher_trainer,想要一个早起安排小组件，怕睡过头耽误早上的事情，把接下来的安排和时间放在一起，点一下能看日程，再让我顺手核对起床闹钟，操作尽量直接一点。
N146,备忘录+电话,跳转到备忘录；拨打电话,memo_call_briefing,retired_senior,马上要和客户沟通。请帮我做个电话备忘卡片，显示备忘中的重点，避免临时忘词，同时点一下就能联系对方，不用再翻通讯录，操作尽量直接一点。
N147,备忘录+电话,跳转到备忘录；拨打电话,memo_call_briefing,retired_senior,马上要和客户沟通。请帮我做个联络要点卡片，让我在联系对方前快速看一遍备忘，再让我从卡片直接拨打联系人电话，把最重要的放前面。
N148,日历+天气,查询日程；跳转日程；查询天气状况,schedule_weather_prep,field_sales_worker,给我做个日程天气卡片，下午要赶去客户那边，显示临近会议的名称和时间，并留一个日程入口，再告诉我出门时是什么天气，有预警就提醒，别让我来回切应用。
N149,电话+导航,跳转去导航；拨打电话,arrival_contact_navigation,novice_driver,去公司前想把路线和联系人放一起。给我做个导航联系卡片，把当前位置到公司的路线入口放在一起，再把联系人和拨号入口放在一起，临时要用时别绕太多层。
N150,天气+电池,查询天气状况；跳转到电池设置页面,weather_battery_protect,delivery_ride_worker,来个天气电量卡片，极端天气出门前想检查设备，显示会不会下雨，有恶劣天气就标出来，另外把电量状态放在最显眼的位置，也保留详情入口，我想少点几下。
N151,闹钟+系统设置,跳转闹钟；模式切换（免打扰、睡眠、学习）,bedtime_tomorrow_plan,office_worker,准备睡了，明早还有安排，给我做个闹钟模式小组件，点一下就能打开明早的闹钟，同时保留睡眠模式切换，避免继续被消息打扰，赶时间时也方便用。
N152,闹钟+音乐,跳转到每日30首和收藏页面；跳转闹钟,sleep_music_alarm,coffee_regular,晚上想听点轻松的早点睡。给我来个助眠提醒卡片，让我睡前能快速进入常听歌单，同时把明早的闹钟入口放上去，点一下能查看，最好一眼就能看明白。
N153,电话+电池,跳转到电池设置页面；拨打电话,low_battery_safety_contact,night_market_vendor,来个电量电话卡片，晚上独自在外，手机续航有点悬，显示手机电量和是否在充电，再让我不用翻通讯录就能联系家里，把最重要的放前面。
N154,备忘录+电话,跳转到备忘录；拨打电话,memo_call_briefing,new_parent,准备给房东打电话确认事情，麻烦做个联络要点卡片，把备忘里的沟通要点放上去，点一下能看原文，同时把联系人和拨号入口放在一起，操作尽量直接一点。
N155,闹钟+运动健康,跳转睡眠页；跳转闹钟,sleep_alarm_adjust,young_chronic_medication_user,给我做个睡眠闹钟卡片，明天有早安排，想先核对睡眠和闹钟，显示入睡、醒来时间和总睡眠时长，另外让我顺手核对起床闹钟，信息简单点就行。
N156,天气+备忘录,跳转到备忘录；查询天气状况,trip_luggage_weather,newlywed_household_manager,准备短途出行，怕漏带东西，给我做个出门准备卡片，让我核对清单还有什么没准备，同时让我先看天气和温度，再决定是否出门，赶时间时也方便用。
N157,相机+导航,跳转到相机界面；跳转去导航,spot_shooting_return,short_trip_errand_user,想要一个开拍回家卡片，今天外拍不想来回找应用，到地方后能快速打开相机，另外留一个明显的回家导航入口，我想少点几下。
N158,天气+电池,查询天气状况；跳转到电池设置页面,weather_battery_protect,delivery_ride_worker,极端天气出门前想检查设备，做个天气电量卡片，先看看天气是不是适合按原计划出门，再把当前电量、充电状态和电池入口放在一起，把最重要的放前面。
N159,位置+导航,跳转去导航,current_location_navigation,novice_driver,给我做个返程小组件，晚上结束工作准备回去，显示当前位置，方便家里人知道我在哪，另外让我少点几步就能导航回家，别让我来回切应用。
N160,备忘录+导航,跳转到备忘录；跳转去导航,memo_location_navigation,freelance_creator,跑完最后一个地点想直接返程，想要一个回家事项卡片，让我核对清单还有什么没准备，再让我从卡片直接开始返程导航，信息简单点就行。
N161,电话+位置,拨打电话,low_battery_safety_contact,forgetful_living_senior,晚上回去得晚，想先报个平安，请帮我做个安全联系卡片，让我一眼看到当前所在地点，另外需要帮助时能直接给家人打电话，最好一眼就能看明白。
N162,闹钟+系统设置,跳转闹钟；模式切换（免打扰、睡眠、学习）,bedtime_tomorrow_plan,gen_z_student,晚上不想再被消息吵到，帮我做个闹钟模式小组件吧，让我顺手核对起床闹钟，另外把晚间模式入口放在顺手的位置，把最重要的放前面。
N163,日历+运动健康,查询日程；跳转日程；跳转锻炼时长页,schedule_sport_readiness,internet_overtime_worker,晚上有训练安排，想先看看今天状态。想要一个训练日程小组件，先显示最近一项日程和开始时间，同时让我快速看运动数据和完成情况，把最重要的放前面。
N164,位置+导航,跳转去导航,current_location_navigation,novice_driver,给我做个返程小组件，晚上结束工作准备回去，让我先确认自己现在在哪儿，同时从当前位置直接导航回家，信息简单点就行。
N165,天气+运动健康,查询天气状况；跳转锻炼时长页,weather_sport_decision,fitness_runner,晚上想出去运动。帮我做个运动天气卡片，显示现在的天气、体感和预警信息，另外把本次运动时长和热量放在一起，别让我来回切应用。
N166,音乐+系统设置,跳转到每日30首和收藏页面,headset_music_shortcut,mobile_gamer,想整一个通勤听歌小组件，通勤路上刚戴上耳机，让我一眼确认蓝牙耳机是否已连接，另外点一下能直接进我收藏的歌单，临时要用时别绕太多层。
N167,电话+电池,跳转到电池设置页面；拨打电话,low_battery_safety_contact,car_commuter,出差路上电量偏低。给我做个低电量联络卡片，把电量状态放在最显眼的位置，也保留详情入口，同时把家人联系方式放上去，点一下就能拨号。
N168,日历+相机,查询日程；跳转日程；跳转到相机界面,spot_shooting_return,college_exam_student,到点就得开拍，怕错过安排，想整一个摄影安排卡片，把当天剩下的安排放上去，方便随时核对，另外留一个相机入口，到点就能开始拍，我想少点几下。
N169,音乐+系统设置,模式切换（免打扰、睡眠、学习）；跳转到每日30首和收藏页面,music_focus_sleep,mobile_gamer,帮我做个睡前音乐卡片吧，睡前不想继续刷手机，到休息时间可以直接打开睡眠模式，同时留一个舒缓音乐入口，准备休息时直接打开，别让我来回切应用。
N170,音乐+系统设置,模式切换（免打扰、睡眠、学习）；跳转到每日30首和收藏页面,music_focus_sleep,internet_overtime_worker,午休前想听点轻松的，给我做个睡前音乐卡片，让我睡前能一键切换到安静状态，再让我从卡片直接打开助眠音乐，最好一眼就能看明白。
N171,电池+运动健康+系统设置,跳转到电池设置页面；一键开启省电模式；跳转锻炼时长页,outdoor_sport_device_guard,college_exam_student,想整一个训练续航小组件，周末要去户外骑很久，手机电量一般，把当前电量、充电状态和电池入口放在一起，另外电量紧张时能马上切到省电状态，再看看今天的运动状态和锻炼时长，点一下能看详情，把最重要的放前面。
N172,电话+电池,跳转到电池设置页面；拨打电话,low_battery_safety_contact,night_market_vendor,跑单途中快没电，想先留好联络方式。来个电量电话卡片，让我一眼看到电量，必要时能打开电池设置，再留一个快速拨号入口，方便随时报平安，最好一眼就能看明白。
N173,闹钟+系统设置,跳转闹钟；模式切换（免打扰、睡眠、学习）,bedtime_tomorrow_plan,office_worker,给我做个睡前设置卡片，最近总是睡前忘记切模式，让我顺手核对起床闹钟，再准备睡觉时少点几步就能安静下来，别让我来回切应用。
N174,电池+相机,跳转到电池设置页面；跳转到相机界面,shooting_battery_check,frequent_business_traveler,出门拍摄前发现电量一般。想要一个相机电量小组件，显示剩余电量和充电状态，点一下能看电池详情，再让我少点几步就能进入相机，信息简单点就行。
N175,电池+相机,跳转到电池设置页面；跳转到相机界面,shooting_battery_check,freelance_creator,出门拍摄前发现电量一般，给我做个拍摄续航卡片，让我先确认手机还有多少电，也能进入电池设置，再把相机入口放上去，适合时马上开拍，最好一眼就能看明白。
N176,电话+位置,拨打电话,low_battery_safety_contact,forgetful_living_senior,临时换了位置，准备和家里说一声，我想要一个位置联络卡片，让我一眼看到当前所在地点，再把家人联系方式放上去，点一下就能拨号，把最重要的放前面。
N177,备忘录+闹钟,跳转到备忘录；跳具体的tab页（跳转世界时钟、秒表、计时器）,memo_timed_reminder,young_chronic_medication_user,手上几件事都有时间点，给我做个定时待办小组件，把备忘标题和未完成事项放在一起，另外让我从卡片直接进入计时器，把最重要的放前面。
N178,备忘录+电话,跳转到备忘录；拨打电话,memo_call_briefing,new_parent,回电前想先看一下之前的记录。麻烦做个沟通准备小组件，把之前记下的注意事项带上，再保留快速联系按钮，临时有事能及时沟通，我想少点几下。
N179,天气+运动健康,查询天气状况；跳转锻炼时长页,weather_sport_decision,fitness_runner,周末计划在外面练一会儿。给我做个锻炼决策卡片，把会不会下雨和天气提醒放在一起，再把本次运动时长和热量放在一起，最好一眼就能看明白。
N180,天气+电池,查询天气状况；跳转到电池设置页面,weather_battery_protect,delivery_ride_worker,高温天准备在外面待很久。来个出门状态卡片，先看看天气是不是适合按原计划出门，另外先看看手机还剩多少电，再决定后面的安排，我想少点几下。
N181,闹钟+运动健康,跳转睡眠页；跳转闹钟,sleep_alarm_adjust,young_chronic_medication_user,最近总觉得没睡够，帮我做个睡眠闹钟卡片，让我先看睡眠时长和状态，另外让我快速确认闹钟有没有设好，我想少点几下。
N182,电话+位置+导航,跳转去导航；拨打电话,arrival_contact_navigation,novice_driver,在陌生地方准备去公司见人。想要一个到达前联系小组件，显示我此刻的位置，别让我手动再找，另外点一下直接进入去公司的导航，再需要改计划时能马上打电话说明，最好一眼就能看明白。
N183,电池+系统设置,跳转到电池设置页面；一键开启省电模式,low_battery_outdoor,senior_programmer,去机场前想先确认续航，做个续航提醒卡片，让我一眼看到电量，必要时能打开电池设置，同时让我能直接打开省电模式，别让我来回切应用。
N184,音乐+系统设置,跳转到每日30首和收藏页面,headset_music_shortcut,gen_z_student,帮我做个音乐快捷卡片吧，准备做家务，想边听歌边收拾，显示耳机连接状态和剩余电量，另外让我运动时能快速进入常听音乐，操作尽量直接一点。
N185,日历+天气,查询日程；跳转日程；查询天气状况,schedule_weather_prep,frequent_business_traveler,下午要赶去客户那边，给我做个日程天气卡片，让我一眼看到会议标题和时间，点一下查看详情，另外告诉我出门时是什么天气，有预警就提醒，别让我来回切应用。
N186,闹钟+系统设置,跳转闹钟；模式切换（免打扰、睡眠、学习）,bedtime_tomorrow_plan,office_worker,想要一个睡前设置卡片，晚上不想再被消息吵到，把闹钟入口留出来，方便确认明早时间，再把睡眠模式入口放上去。
N187,备忘录+运动健康,跳转到备忘录；跳转锻炼时长页,memo_sport_execution,freelance_home_worker,帮我做个锻炼清单卡片，今天的训练计划还没做完，把备忘标题和未完成事项放在一起，再把本次运动时长和热量放在一起，把最重要的放前面。
N188,备忘录+相机,跳转到备忘录；跳转到相机界面,photo_trip_check,co_renting_young_adult,帮我做个外拍准备小组件吧，今天拍摄环节多，想少切几个应用，把出门前要带的东西列出来，也能打开备忘录，另外准备好后点一下直接开相机，把最重要的放前面。
N189,备忘录+相机,跳转到备忘录；跳转到相机界面,photo_trip_check,co_renting_young_adult,准备外拍，怕漏带东西，想整一个拍摄清单卡片，把备忘中的注意事项放在一起，同时点一下就能开相机，别让我现场再找，临时要用时别绕太多层。
N190,天气+位置,查询天气状况,weather_location_shooting_decision,short_trip_errand_user,在外面选拍摄地点，拿不准天气。给我做个户外决策小组件，把当前位置作为后续安排的参考，同时看看当地天气、体感温度和会不会下雨，赶时间时也方便用。
N191,相机+导航,跳转到相机界面；跳转去导航,spot_shooting_return,short_trip_errand_user,帮我做个开拍回家卡片，到地方要马上开拍，拍完就返程，留一个相机入口，到点就能开始拍，同时显示当前位置后可以马上导航回家，临时要用时别绕太多层。
N192,备忘录+导航,跳转到备忘录；跳转去导航,memo_location_navigation,freelance_creator,外出办完事准备回家。给我做个备忘导航小组件，显示备忘里的重点项目和未完成项，另外需要返程时能直接打开回家导航。
N193,闹钟+音乐,跳转到每日30首和收藏页面；跳转闹钟,sleep_music_alarm,coffee_regular,加班结束后脑子还停不下来。帮我做个晚安小组件吧，让我从卡片直接打开助眠音乐，再让我顺手核对起床闹钟，赶时间时也方便用。
N194,备忘录+运动健康,跳转到备忘录；跳转锻炼时长页,memo_sport_execution,freelance_home_worker,想要一个锻炼清单卡片，今天的训练计划还没做完，把备忘里的待办和提醒时间带上，点一下能进备忘录，再把运动时长和当前状态放上去，把最重要的放前面。
N195,备忘录+相机,跳转到备忘录；跳转到相机界面,photo_trip_check,co_renting_young_adult,帮我做个器材备忘卡片吧，到了现场要马上开拍，让我核对清单还有什么没准备，另外点一下就能开相机，别让我现场再找，别让我来回切应用。
N196,位置+导航,跳转去导航,current_location_navigation,novice_driver,帮我做个位置导航卡片，忙完手上的事，不想再找当前位置，让我一眼看到当前所在地点，另外让我少点几步就能导航回家，别让我来回切应用。
N197,闹钟+音乐,跳转到每日30首和收藏页面；跳转闹钟,sleep_music_alarm,coffee_regular,明早要早起，今晚想早点休息。帮我做个晚安小组件吧，把晚间常听的音乐放在顺手的位置，再把起床提醒和闹钟入口放在一起，操作尽量直接一点。
N198,电池+相机,跳转到电池设置页面；跳转到相机界面,shooting_battery_check,college_exam_student,给我来个相机电量小组件，到现场后想直接开拍，把电量状态放在最显眼的位置，也保留详情入口，再让我从卡片直接进入相机，操作尽量直接一点。
N199,备忘录+闹钟,跳转到备忘录；跳具体的tab页（跳转世界时钟、秒表、计时器）,pet_fed_tracker,retired_senior,出门后突然想不起宠物喂过没有，我想要一个喂食提醒小组件，把今天有没有喂过的记录带上，点一下能看备忘，再需要倒计时时能少点几步，信息简单点就行。
N200,电话+导航,跳转去导航；拨打电话,arrival_contact_navigation,car_commuter,快到出发时间，还需要联系对方，给我做个到达前联系卡片，留一个明显的公司导航入口，另外保留快速联系按钮，临时有事能及时沟通，我想少点几下。
N201,日历+相机,查询日程；跳转日程；跳转到相机界面,spot_shooting_return,frequent_business_traveler,到点就得开拍，怕错过安排，想要一个摄影安排卡片，先告诉我下一件事几点开始，并能进入日程，再到地方后能快速打开相机，把最重要的放前面。
N202,电话+位置,拨打电话,low_battery_safety_contact,forgetful_living_senior,我想要一个报平安小组件，晚上回去得晚，想先报个平安，把出发位置和当前位置放在一起，另外保留一键联络，电量不多时少操作几步，赶时间时也方便用。
N203,备忘录+闹钟,跳转到备忘录；跳具体的tab页（跳转世界时钟、秒表、计时器）,memo_timed_reminder,retired_senior,请帮我做个备忘计时卡片，手上几件事都有时间点，显示备忘内容和最近提醒，方便继续处理，再需要计时时能直接打开计时器。
N204,运动健康+音乐,跳转锻炼时长页；跳转到每日30首和收藏页面,sport_music_control,freelance_home_worker,帮我做个运动音乐卡片，准备去力量训练，想顺手放点常听的歌，让我先确认今天练了多久，也能进入运动记录，再留一个常听歌单入口，戴上耳机就能打开，赶时间时也方便用。
N205,闹钟+系统设置,跳转闹钟；模式切换（免打扰、睡眠、学习）,bedtime_tomorrow_plan,fitness_runner,给我做个睡前设置卡片，晚上不想再被消息吵到，让我看完安排后能直接去看闹钟，再到休息时间可以直接打开睡眠模式，把最重要的放前面。
N206,音乐+系统设置,模式切换（免打扰、睡眠、学习）；跳转到每日30首和收藏页面,music_focus_sleep,mobile_gamer,想整一个睡前音乐卡片，加班结束想早点安静下来，保留睡眠模式切换，避免继续被消息打扰，另外把晚间常听的音乐放在顺手的位置，别让我来回切应用。
N207,天气+电话,查询天气状况；拨打电话,weather_care_contact,night_market_vendor,父母那边可能有大风降雨。来个家人联络小组件，让我先确认天气状况和风险提醒，另外需要帮助时能直接给家人打电话，信息简单点就行。
N208,相机+导航,跳转到相机界面；跳转去导航,spot_shooting_return,short_trip_errand_user,今天外拍不想来回找应用，想要一个拍摄返程卡片，把相机入口放上去，适合时马上开拍，同时把回家路线入口放上去，信息简单点就行。
N209,电池+位置,跳转到电池设置页面,low_battery_safety_contact,field_sales_worker,返程前想看看电量和当前位置。给我做个外出安全小组件，显示剩余电量和充电状态，点一下能看电池详情，另外让我一眼看到当前所在地点。
N210,相机+位置,跳转到相机界面,spot_shooting_return,short_trip_errand_user,做日落拍摄时要确认当前地点，想要一个外拍位置卡片，显示我现在的位置，方便确认从哪里出发，同时让我少点几步就能进入相机，临时要用时别绕太多层。
N211,电池+相机,跳转到电池设置页面；跳转到相机界面,shooting_battery_check,college_exam_student,到现场后想直接开拍。想整一个拍摄续航卡片，让我先确认手机还有多少电，也能进入电池设置，同时把相机入口放上去，适合时马上开拍，操作尽量直接一点。
N212,相机+位置,跳转到相机界面,spot_shooting_return,frequent_business_traveler,在外面看到不错的取景点。想要一个取景小组件，显示我现在的位置，方便确认从哪里出发，再点一下就能开相机，别让我现场再找，把最重要的放前面。
N213,天气+位置,查询天气状况,weather_location_shooting_decision,delivery_ride_worker,做个位置天气卡片，在外面选拍摄地点，拿不准天气，让我一眼看到当前所在地点，同时告诉我出门时是什么天气，有预警就提醒，临时要用时别绕太多层。
N214,电话+位置,拨打电话,low_battery_safety_contact,forgetful_living_senior,请帮我做个安全联系卡片，临时换了位置，准备和家里说一声，把出发位置和当前位置放在一起，再保留一键联络，电量不多时少操作几步，临时要用时别绕太多层。
N215,相机+位置,跳转到相机界面,spot_shooting_return,freelance_creator,找到合适位置后想马上开拍。帮我做个取景小组件，显示当前位置，方便家里人知道我在哪，再保留一个明显的拍摄入口，别让我来回切应用。
N216,电池+导航,跳转到电池设置页面；跳转去导航,low_battery_trip_guard,car_commuter,手机电量不多了还得赶回家，想要一个低电量返程卡片，显示手机电量和是否在充电，再留一个明显的回家导航入口，操作尽量直接一点。
N217,电池+系统设置,跳转到电池设置页面；一键开启省电模式,low_battery_outdoor,senior_programmer,今天要在外面跑一整天，做个续航提醒卡片，显示剩余电量和充电状态，点一下能看电池详情，同时让我能直接打开省电模式，我想少点几下。
N218,闹钟+运动健康,跳转睡眠页；跳转闹钟,sleep_alarm_adjust,young_chronic_medication_user,准备睡觉前想看看最近休息情况。想要一个早起睡眠卡片，先看看昨晚休息够不够，再调整安排，同时把明早的闹钟入口放上去，点一下能查看，赶时间时也方便用。
N219,备忘录+闹钟,跳转到备忘录；跳具体的tab页（跳转世界时钟、秒表、计时器）,memo_timed_reminder,new_parent,忙起来总记不住下一件事。我想要一个备忘计时卡片，显示备忘里的安排，并保留备忘录入口，同时把计时器入口放上去，点一下就能开始准备，别让我来回切应用。
N220,运动健康+系统设置,跳转锻炼时长页；开启专注免打扰开关；模式切换（免打扰、睡眠、学习）,sport_focus_mode,internet_overtime_worker,准备开始力量训练，不想被消息打断，想要一个训练模式小组件，让我先确认今天练了多久，也能进入运动记录，另外让我能从卡片快速进入专注状态，操作尽量直接一点。
N221,电池+运动健康,跳转到电池设置页面；跳转锻炼时长页,outdoor_sport_device_guard,college_exam_student,准备出去跑步，手机电量看着不多。帮我做个训练电量卡片吧，先看看手机还剩多少电，再决定后面的安排，同时显示今天的活动进度，点一下查看锻炼详情，最好一眼就能看明白。
N222,日历+天气,查询日程；跳转日程；查询天气状况,schedule_weather_prep,field_sales_worker,今天要去外面参加项目同步会，给我做个行程天气卡片，把会议安排和具体时间放上去，点一下能核对日程，另外告诉我出门时是什么天气，有预警就提醒，信息简单点就行。
N223,日历+备忘录,跳转到备忘录；查询日程；跳转日程,meeting_agenda_preview,office_worker,和客户沟通前怕漏掉之前记的事，给我做个议题核对小组件，把沟通记录和备忘入口放在一起，同时让我一眼看到会议标题和时间，点一下查看详情，别让我来回切应用。
N224,音乐+系统设置,模式切换（免打扰、睡眠、学习）；跳转到每日30首和收藏页面,music_focus_sleep,gen_z_student,加班结束想早点安静下来，想整一个助眠小组件，让我从卡片快速进入睡眠模式，同时把晚间常听的音乐放在顺手的位置，把最重要的放前面。
N225,音乐+系统设置,模式切换（免打扰、睡眠、学习）；跳转到每日30首和收藏页面,music_focus_sleep,mobile_gamer,想整一个睡前音乐卡片，午休前想听点轻松的，准备睡觉时少点几步就能安静下来，同时把晚间常听的音乐放在顺手的位置，临时要用时别绕太多层。
N226,音乐+系统设置,跳转到每日30首和收藏页面,headset_music_shortcut,gen_z_student,耳机刚拿出来，想马上放点音乐，想整一个耳机音乐卡片，把耳机连接和电量状态放在一起，再点一下打开每日推荐或收藏歌单，操作尽量直接一点。
N227,天气+位置,查询天气状况,weather_location_shooting_decision,delivery_ride_worker,到陌生地方后想先看当前位置和天气。做个户外决策小组件，把当前位置作为后续安排的参考，同时让我先看天气和温度，再决定是否出门，我想少点几下。
N228,电池+相机,跳转到电池设置页面；跳转到相机界面,shooting_battery_check,college_exam_student,出门拍摄前发现电量一般，帮我做个拍摄续航卡片吧，先看看手机还剩多少电，再决定后面的安排，同时让我从卡片直接进入相机。
N229,天气+电话,查询天气状况；拨打电话,weather_care_contact,night_market_vendor,弄个天气联系卡片，父母那边可能有大风降雨，把当前天气和预警信息放上去，同时紧急时能一键打给家里人。
N230,相机+位置,跳转到相机界面,spot_shooting_return,short_trip_errand_user,在外面看到不错的取景点。想要一个位置拍摄卡片，显示当前位置，方便家里人知道我在哪，同时到地方后能快速打开相机，把最重要的放前面。
N231,音乐+系统设置,跳转到每日30首和收藏页面,headset_music_shortcut,mobile_gamer,耳机刚拿出来，想马上放点音乐，给我来个通勤听歌小组件，把耳机连接和电量状态放在一起，另外把常听歌单放上去，少翻几层页面，临时要用时别绕太多层。
N232,音乐+系统设置,跳转到每日30首和收藏页面,headset_music_shortcut,fitness_runner,上车后不想再翻手机，给我做个耳机音乐卡片，显示耳机连接状态和剩余电量，再保留一个音乐入口，随手就能打开，操作尽量直接一点。
N233,电池+相机,跳转到电池设置页面；跳转到相机界面,shooting_battery_check,freelance_creator,想要一个相机电量小组件，出门拍摄前发现电量一般，把电量状态放在最显眼的位置，也保留详情入口，同时到地方后能快速打开相机，把最重要的放前面。
N234,日历+系统设置,查询日程；跳转日程；开启专注免打扰开关；模式切换（免打扰、睡眠、学习）,focus_before_meeting,senior_programmer,弄个会议专注卡片，今天八点有项目同步会，显示下一场会议和开始时间，需要时能打开日程，另外开会或训练前可以直接打开免打扰，最好一眼就能看明白。
N235,日历+天气,查询日程；跳转日程；查询天气状况,schedule_weather_prep,field_sales_worker,接下来有场户外活动，想要一个行程天气卡片，显示下一场会议和开始时间，需要时能打开日程，另外先看看天气是否适合在外面待一阵，赶时间时也方便用。
N236,备忘录+闹钟,跳转到备忘录；跳具体的tab页（跳转世界时钟、秒表、计时器）,memo_timed_reminder,new_parent,我想要一个事项提醒卡片，做饭和洗衣要同时盯着，显示备忘内容和最近提醒，方便继续处理，同时把计时器入口放上去，点一下就能开始准备，操作尽量直接一点。
N237,备忘录+运动健康,跳转到备忘录；跳转锻炼时长页,memo_sport_execution,freelance_home_worker,给我做个锻炼清单卡片，最近想按计划把运动坚持下来，显示备忘里的安排，并保留备忘录入口，另外显示步数、运动时间和消耗情况，别让我来回切应用。
N238,日历+系统设置,查询日程；跳转日程；开启专注免打扰开关；模式切换（免打扰、睡眠、学习）,focus_before_meeting,senior_programmer,弄个会前小组件，开家长会前想先把状态调整好，把会议安排和具体时间放上去，点一下能核对日程，另外开会或训练前可以直接打开免打扰，临时要用时别绕太多层。
N239,备忘录+电话,跳转到备忘录；拨打电话,memo_call_briefing,retired_senior,马上要和客户沟通。麻烦做个电话备忘卡片，让我先过一遍记录的重点，也能打开备忘录，同时点一下就能联系对方，不用再翻通讯录，操作尽量直接一点。
N240,电池+导航,跳转到电池设置页面；跳转去导航,low_battery_trip_guard,car_commuter,手机电量不多了还得赶回家，想要一个续航导航小组件，告诉我剩余电量，点一下再看电池详情，同时需要返程时能直接打开回家导航，临时要用时别绕太多层。
N241,运动健康+音乐,跳转锻炼时长页；跳转到每日30首和收藏页面,sport_music_control,freelance_home_worker,今天训练想配个熟悉的歌单，帮我做个训练听歌小组件，让我先确认今天练了多久，也能进入运动记录，同时让我从卡片直接进入收藏音乐，赶时间时也方便用。
N242,日历+电话,查询日程；跳转日程；拨打电话,schedule_quick_contact,office_worker,帮我做个会议联络小组件，出发前想先确认这场安排，让我先看清几点开什么会，点一下还能进日程，另外把联系人和拨号入口放在一起，我想少点几下。
N243,电池+运动健康,跳转到电池设置页面；跳转锻炼时长页,outdoor_sport_device_guard,college_exam_student,准备开始运动，怕手机中途没电，帮我做个训练电量卡片吧，告诉我剩余电量，点一下再看电池详情，另外把运动时长和当前状态放上去，我想少点几下。
N244,备忘录+导航,跳转到备忘录；跳转去导航,memo_location_navigation,freelance_creator,备忘里的事情处理完了，想要一个办事返程卡片，让我快速过一遍准备清单和提醒，再从当前位置直接导航回家，赶时间时也方便用。
N245,闹钟+运动健康,跳转睡眠页；跳转闹钟,sleep_alarm_adjust,young_chronic_medication_user,明天有早安排，想先核对睡眠和闹钟，想要一个作息调整小组件，让我快速确认最近睡得怎么样，再让我快速确认闹钟有没有设好，操作尽量直接一点。
N246,天气+电池,查询天气状况；跳转到电池设置页面,weather_battery_protect,night_market_vendor,下雨天要长时间用手机，做个出门状态卡片，把当前天气和预警信息放上去，再让我先确认手机还有多少电，也能进入电池设置，信息简单点就行。
N247,电话+位置,拨打电话,low_battery_safety_contact,forgetful_living_senior,我想要一个安全联系卡片，晚上回去得晚，想先报个平安，显示当前位置，方便家里人知道我在哪，同时紧急时能一键打给家里人，临时要用时别绕太多层。
N248,电话+电池+位置,跳转到电池设置页面；拨打电话,low_battery_safety_contact,car_commuter,想要一个低电量安全卡片，手机快没电了，我还一个人在外面，把电量状态放在最显眼的位置，也保留详情入口，再显示我现在的位置，方便确认从哪里出发，同时让我不用翻通讯录就能联系家里，把最重要的放前面。
N249,天气+电话,查询天气状况；拨打电话,weather_care_contact,night_market_vendor,天气突然变差，想问问家里情况。来个天气联系卡片，天气变差时给我一个明显提醒，再留一个快速拨号入口，方便随时报平安，把最重要的放前面。
N250,备忘录+系统设置,跳转到备忘录；开启专注免打扰开关；模式切换（免打扰、睡眠、学习）,memo_focus_setup,office_worker,准备集中处理一批待办。想要一个专注事项卡片，把今天要做的事放上去，点一下查看备忘详情，另外开会或训练前可以直接打开免打扰。
N251,电话+电池,跳转到电池设置页面；拨打电话,low_battery_safety_contact,field_sales_worker,手机电量不多了，还在外面。给我做个安全联系小组件，告诉我剩余电量，点一下再看电池详情，同时让我能从卡片马上联系家里人，别让我来回切应用。
N252,闹钟+音乐,跳转到每日30首和收藏页面；跳转闹钟,sleep_music_alarm,coffee_regular,帮我做个晚安小组件吧，明早要早起，今晚想早点休息，保留一个睡前歌单入口，再点一下就能打开明早的闹钟，我想少点几下。
N253,相机+位置,跳转到相机界面,spot_shooting_return,frequent_business_traveler,找到合适位置后想马上开拍。给我做个取景小组件，让我先确认自己现在在哪儿，再留一个相机入口，到点就能开始拍，赶时间时也方便用。
N254,电池+位置,跳转到电池设置页面,low_battery_safety_contact,delivery_ride_worker,做个电量定位卡片，跑单途中电量偏低，想先确认自己位置，显示手机电量和是否在充电，另外显示我此刻的位置，别让我手动再找，临时要用时别绕太多层。
N255,日历+电话,查询日程；跳转日程；拨打电话,schedule_quick_contact,office_worker,想要一个安排确认卡片，临时可能会晚到几分钟，让我先看清几点开什么会，点一下还能进日程，再把联系人和拨号入口放在一起，赶时间时也方便用。
N256,音乐+系统设置,跳转到每日30首和收藏页面,headset_music_shortcut,internet_overtime_worker,耳机刚拿出来，想马上放点音乐。给我做个通勤听歌小组件，先看看耳机有没有连接成功，另外让我从卡片直接进入收藏音乐，赶时间时也方便用。
N257,电池+位置,跳转到电池设置页面,low_battery_safety_contact,delivery_ride_worker,来个低电量位置卡片，手机快没电了，我还在外面，显示手机电量和是否在充电，再把当前位置作为后续安排的参考。
N258,闹钟+运动健康,跳转睡眠页；跳转闹钟,sleep_alarm_adjust,retired_senior,我想要一个早起睡眠卡片，准备睡觉前想看看最近休息情况，显示睡眠时长和综合状态，另外把闹钟入口留出来，方便确认明早时间，最好一眼就能看明白。
N259,日历+系统设置,查询日程；跳转日程；开启专注免打扰开关；模式切换（免打扰、睡眠、学习）,focus_before_meeting,senior_programmer,来个会前小组件，下一场评审会快开始了，先告诉我下一场会是什么时候，还能直接看日程，再开会或训练前可以直接打开免打扰，信息简单点就行。
N260,电池+运动健康,跳转到电池设置页面；跳转锻炼时长页,outdoor_sport_device_guard,college_exam_student,帮我做个运动续航卡片吧，户外训练时间会比较长，先看看手机还剩多少电，再决定后面的安排，再让我先确认今天练了多久，也能进入运动记录，临时要用时别绕太多层。
N261,日历+天气,查询日程；跳转日程；查询天气状况,schedule_weather_prep,frequent_business_traveler,想要一个行程天气卡片，接下来有场户外活动，显示下一场会议和开始时间，需要时能打开日程，再让我先看天气和温度，再决定是否出门。
N262,备忘录+电话,跳转到备忘录；拨打电话,memo_call_briefing,new_parent,请帮我做个联络要点卡片，回电前想先看一下之前的记录，先列出备忘里的关键内容和待确认事项，再保留快速联系按钮，临时有事能及时沟通。
N263,闹钟+运动健康,跳转睡眠页；跳转闹钟,sleep_alarm_adjust,young_chronic_medication_user,最近总觉得没睡够，帮我做个早起睡眠卡片，让我快速确认最近睡得怎么样，另外把起床提醒和闹钟入口放在一起，赶时间时也方便用。
N264,日历+导航,查询日程；跳转日程；跳转去导航,schedule_location_navigation,field_sales_worker,今晚一早要去公司参加客户会。给我做个日程导航卡片，让我看清今天还有什么安排，也能打开日程，另外留一个明显的公司导航入口，操作尽量直接一点。
N265,电池+导航,跳转到电池设置页面；跳转去导航,low_battery_trip_guard,car_commuter,在外面忙了一天，电量已经偏低，帮我做个低电量返程卡片，让我一眼看到电量，必要时能打开电池设置，再点一下就能开始回家导航，临时要用时别绕太多层。
N266,电话+电池,跳转到电池设置页面；拨打电话,low_battery_safety_contact,night_market_vendor,出差路上电量偏低。来个安全联系小组件，先看看手机还剩多少电，再决定后面的安排，再留一个快速拨号入口，方便随时报平安。
N267,备忘录+导航,跳转到备忘录；跳转去导航,memo_location_navigation,freelance_creator,跑完最后一个地点想直接返程，给我做个备忘导航小组件，让我快速过一遍准备清单和提醒，另外显示当前位置后可以马上导航回家，最好一眼就能看明白。
N268,闹钟+音乐,跳转到每日30首和收藏页面；跳转闹钟,sleep_music_alarm,coffee_regular,帮我做个音乐闹钟卡片吧，加班结束后脑子还停不下来，把晚间常听的音乐放在顺手的位置，再把闹钟入口留出来，方便确认明早时间，最好一眼就能看明白。
N269,天气+电话,查询天气状况；拨打电话,weather_care_contact,field_sales_worker,父母那边可能有大风降雨，给我做个天气联系卡片，把当前天气和预警信息放上去，再把家人联系方式放上去，点一下就能拨号，信息简单点就行。
N270,备忘录+运动健康,跳转到备忘录；跳转锻炼时长页,memo_sport_execution,freelance_home_worker,照着备忘去锻炼时总要来回切应用，帮我做个训练执行卡片，让我看清剩下的待办，需要时能进备忘录，再让我先确认今天练了多久，也能进入运动记录，赶时间时也方便用。
N271,闹钟+系统设置,跳转闹钟；模式切换（免打扰、睡眠、学习）,bedtime_tomorrow_plan,internet_overtime_worker,明天要早起，想把睡前设置一次弄好。给我做个闹钟模式小组件，显示最近的起床提醒，并能打开闹钟，另外准备休息时能直接切到睡眠模式，别让我来回切应用。
N272,音乐+系统设置,模式切换（免打扰、睡眠、学习）；跳转到每日30首和收藏页面,music_focus_sleep,fitness_runner,晚上看完书准备休息，给我做个助眠小组件，让我从卡片快速进入睡眠模式，同时把收藏里的轻音乐入口放上去。
N273,天气+电话,查询天气状况；拨打电话,weather_care_contact,frequent_business_traveler,家里人今天要出门。想要一个天气联系卡片，把天气现象、体感和预警放在一起，再留一个快速拨号入口，方便随时报平安，把最重要的放前面。
N274,闹钟+音乐,跳转到每日30首和收藏页面；跳转闹钟,sleep_music_alarm,coffee_regular,帮我做个音乐闹钟卡片吧，加班结束后脑子还停不下来，让我睡前能快速进入常听歌单，同时点一下就能打开明早的闹钟，操作尽量直接一点。
N275,天气+相机,查询天气状况；跳转到相机界面,weather_photo_prep,urban_fashion_woman,准备出门取景，怕天气突然变。帮我做个外拍天气卡片吧，显示天气现象和体感，方便决定怎么准备，同时到地方后能快速打开相机，最好一眼就能看明白。
N276,备忘录+相机,跳转到备忘录；跳转到相机界面,photo_trip_check,co_renting_young_adult,今天拍摄环节多，想少切几个应用，帮我做个器材备忘卡片吧，显示清单标题、内容和备忘录入口，另外点一下就能开相机，别让我现场再找，最好一眼就能看明白。
N277,运动健康+系统设置,跳转锻炼时长页；开启专注免打扰开关；模式切换（免打扰、睡眠、学习）,sport_focus_mode,gen_z_student,给我来个运动专注卡片，户外运动时不方便频繁看手机，把运动时长和当前状态放上去，再把专注模式入口放上去，开始前直接切换，临时要用时别绕太多层。
N278,天气+电话,查询天气状况；拨打电话,weather_care_contact,night_market_vendor,家里人今天要出门。来个天气联系卡片，先看看天气是不是适合按原计划出门，另外需要帮助时能直接给家人打电话，操作尽量直接一点。
N279,电池+运动健康,跳转到电池设置页面；跳转锻炼时长页,outdoor_sport_device_guard,college_exam_student,帮我做个训练电量卡片吧，户外训练时间会比较长，显示剩余电量和充电状态，点一下能看电池详情，另外显示步数、运动时间和消耗情况，操作尽量直接一点。
N280,电池+位置,跳转到电池设置页面,low_battery_safety_contact,delivery_ride_worker,返程前想看看电量和当前位置。来个电量定位卡片，让我先确认手机还有多少电，也能进入电池设置，再显示我此刻的位置，别让我手动再找，我想少点几下。
N281,相机+导航,跳转到相机界面；跳转去导航,spot_shooting_return,short_trip_errand_user,到地方要马上开拍，拍完就返程，想要一个拍摄返程卡片，到地方后能快速打开相机，另外让我从卡片直接开始返程导航，信息简单点就行。
N282,日历+闹钟,查询日程；跳转日程；跳转闹钟,schedule_wakeup_check,teacher_trainer,今晚一早有部门例会。给我做个日程闹钟卡片，把接下来的安排和时间放在一起，点一下能看日程，再让我看完安排后能直接去看闹钟，临时要用时别绕太多层。
N283,日历+运动健康,查询日程；跳转日程；跳转锻炼时长页,schedule_sport_readiness,internet_overtime_worker,今晚十点约了骑车。给我做个锻炼计划卡片，把接下来的安排和时间放在一起，点一下能看日程，再让我快速看运动数据和完成情况，把最重要的放前面。
N284,电池+相机,跳转到电池设置页面；跳转到相机界面,shooting_battery_check,frequent_business_traveler,出门拍摄前发现电量一般，想要一个相机电量小组件，显示手机电量和是否在充电，另外把相机入口放上去，适合时马上开拍，赶时间时也方便用。
N285,天气+位置,查询天气状况,weather_location_shooting_decision,short_trip_errand_user,出门办事时想判断周围天气，想要一个户外决策小组件，让我一眼看到当前所在地点，再显示天气现象和体感，方便决定怎么准备。
N286,电池+运动健康,跳转到电池设置页面；跳转锻炼时长页,outdoor_sport_device_guard,college_exam_student,给我来个户外设备小组件，周末要骑很久，想先检查设备，把当前电量、充电状态和电池入口放在一起，再显示步数、运动时间和消耗情况。
N287,天气+位置,查询天气状况,weather_location_shooting_decision,short_trip_errand_user,帮我做个户外决策小组件，在外面选拍摄地点，拿不准天气，显示当前位置，方便家里人知道我在哪，同时显示现在的天气、体感和预警信息，操作尽量直接一点。
N288,闹钟+音乐,跳转到每日30首和收藏页面；跳转闹钟,sleep_music_alarm,fitness_runner,加班结束后脑子还停不下来，帮我做个晚安小组件，保留一个睡前歌单入口，再让我看完安排后能直接去看闹钟，最好一眼就能看明白。
N289,天气+备忘录,跳转到备忘录；查询天气状况,trip_luggage_weather,newlywed_household_manager,周末要出趟门，行李还没收完，给我做个出行清单卡片，把出门前要带的东西列出来，也能打开备忘录，同时显示天气现象和体感，方便决定怎么准备，赶时间时也方便用。
N290,日历+导航,查询日程；跳转日程；跳转去导航,schedule_location_navigation,field_sales_worker,周末一早要去公司参加培训会。想要一个日程导航卡片，把当天剩下的安排放上去，方便随时核对，另外点一下能直接导航去公司，别让我来回切应用。
N291,闹钟+音乐,跳转到每日30首和收藏页面；跳转闹钟,sleep_music_alarm,coffee_regular,晚上想听点轻松的早点睡，想整一个晚安小组件，把收藏里的轻音乐入口放上去，同时把明早的闹钟入口放上去，点一下能查看，操作尽量直接一点。
N292,备忘录+闹钟,跳转到备忘录；跳具体的tab页（跳转世界时钟、秒表、计时器）,pet_fed_tracker,forgetful_living_senior,今天家里人轮流照顾宠物。请帮我做个宠物记录卡片，显示备忘里的喂食情况，别让我重复喂，同时把计时器入口放上去，点一下就能开始准备，把最重要的放前面。
N293,备忘录+运动健康,跳转到备忘录；跳转锻炼时长页,memo_sport_execution,freelance_home_worker,最近想按计划把运动坚持下来，想要一个锻炼清单卡片，把今天要做的事放上去，点一下查看备忘详情，同时把本次运动时长和热量放在一起，操作尽量直接一点。
N294,备忘录+电话,跳转到备忘录；拨打电话,memo_call_briefing,retired_senior,请帮我做个联络要点卡片，马上要和客户沟通，把沟通记录和备忘入口放在一起，另外留一个一键联系入口，方便马上沟通，别让我来回切应用。
N295,电话+导航,跳转去导航；拨打电话,arrival_contact_navigation,novice_driver,赶去公司开会，路上可能会晚。帮我做个导航联系卡片，把当前位置到公司的路线入口放在一起，再点一下就能联系对方，不用再翻通讯录，信息简单点就行。
N296,电池+运动健康,跳转到电池设置页面；跳转锻炼时长页,outdoor_sport_device_guard,college_exam_student,户外训练时间会比较长。给我来个运动续航卡片，让我先确认手机还有多少电，也能进入电池设置，另外让我先确认今天练了多久，也能进入运动记录，我想少点几下。
N297,天气+备忘录+相机,跳转到备忘录；查询天气状况；跳转到相机界面,photo_trip_check,freelance_creator,给我做个外拍准备卡片，准备做外拍，想把清单和开拍入口放一起，先告诉我清单还缺什么，点一下看详情，再看看当地天气、体感温度和会不会下雨，同时把相机入口放上去，适合时马上开拍，赶时间时也方便用。
N298,日历+相机,查询日程；跳转日程；跳转到相机界面,spot_shooting_return,frequent_business_traveler,今天八点有一场短视频拍摄。帮我做个摄影安排卡片，先显示最近一项日程和开始时间，另外让我从卡片直接进入相机，临时要用时别绕太多层。
N299,日历+导航,查询日程；跳转日程；跳转去导航,schedule_location_navigation,field_sales_worker,早会不能迟到，想早点看路线。给我做个上班行程小组件，把明天的安排和提醒时间带上，另外点一下能直接导航去公司，把最重要的放前面。
N300,电话+导航,跳转去导航；拨打电话,arrival_contact_navigation,novice_driver,去公司前想把路线和联系人放一起。想要一个导航联系卡片，让我从当前位置马上开始去公司导航，再留一个一键联系入口，方便马上沟通，最好一眼就能看明白。
N301,相机+位置,跳转到相机界面,spot_shooting_return,short_trip_errand_user,给我做个外拍位置卡片，走到陌生街区想随手拍一下，显示我现在的位置，方便确认从哪里出发，另外到地方后能快速打开相机，别让我来回切应用。
N302,音乐+系统设置,跳转到每日30首和收藏页面,headset_music_shortcut,mobile_gamer,给我来个音乐快捷卡片，上车后不想再翻手机，把耳机连接和电量状态放在一起，再点一下打开每日推荐或收藏歌单，信息简单点就行。
N303,位置+导航,跳转去导航,current_location_navigation,novice_driver,晚上结束工作准备回去。想要一个返程小组件，把当前所在位置放上去，另外把回家路线入口放上去，最好一眼就能看明白。
N304,日历+天气,查询日程；跳转日程；查询天气状况,schedule_weather_prep,freelance_creator,帮我做个日程天气卡片，下午要赶去客户那边，先告诉我下一场会是什么时候，还能直接看日程，再让我先看天气和温度，再决定是否出门。
N305,日历+系统设置,查询日程；跳转日程；开启专注免打扰开关；模式切换（免打扰、睡眠、学习）,focus_before_meeting,senior_programmer,开部门例会前想先把状态调整好。来个会前小组件，显示临近会议的名称和时间，并留一个日程入口，同时把模式切换放在顺手的位置，别让我来回切应用。
N306,闹钟+音乐,跳转到每日30首和收藏页面；跳转闹钟,sleep_music_alarm,gen_z_student,帮我做个助眠提醒卡片吧，明早要早起，今晚想早点休息，保留一个睡前歌单入口，再把闹钟入口留出来，方便确认明早时间，信息简单点就行。
N307,天气+备忘录,跳转到备忘录；查询天气状况,trip_luggage_weather,household_stockpiler,准备短途出行，怕漏带东西。帮我做个行李天气小组件，把出门前要带的东西列出来，也能打开备忘录，再显示现在的天气、体感和预警信息。
N308,运动健康+音乐,跳转锻炼时长页；跳转到每日30首和收藏页面,sport_music_control,freelance_home_worker,开始运动前想先确认状态，想要一个训练听歌小组件，把运动时长和当前状态放上去，另外留一个常听歌单入口，戴上耳机就能打开，把最重要的放前面。
N309,备忘录+导航,跳转到备忘录；跳转去导航,memo_location_navigation,freelance_creator,帮我做个备忘导航小组件，外出办完事准备回家，先告诉我清单还缺什么，点一下看详情，另外显示当前位置后可以马上导航回家，临时要用时别绕太多层。
N310,天气+位置,查询天气状况,weather_location_shooting_decision,delivery_ride_worker,在外面选拍摄地点，拿不准天气。做个位置天气卡片，把出发位置和当前位置放在一起，再显示现在的天气、体感和预警信息，临时要用时别绕太多层。
N311,日历+运动健康,查询日程；跳转日程；跳转锻炼时长页,schedule_sport_readiness,internet_overtime_worker,帮我做个锻炼计划卡片，晚上有训练安排，想先看看今天状态，把接下来的安排和时间放在一起，点一下能看日程，再让我先确认今天练了多久，也能进入运动记录，临时要用时别绕太多层。
N312,日历+相机,查询日程；跳转日程；跳转到相机界面,spot_shooting_return,frequent_business_traveler,拍摄安排快到了。想要一个到点开拍小组件，先显示最近一项日程和开始时间，另外准备好后点一下直接开相机，把最重要的放前面。
N313,天气+备忘录,跳转到备忘录；查询天气状况,trip_luggage_weather,market_grocery_buyer,周末要出趟门，行李还没收完，请帮我做个行李天气小组件，把备忘里的准备清单带上，点一下能查看原文，另外告诉我出门时是什么天气，有预警就提醒，信息简单点就行。
N314,运动健康+音乐,跳转锻炼时长页；跳转到每日30首和收藏页面,sport_music_control,freelance_home_worker,健身时不想来回切应用，给我做个运动音乐卡片，把本次运动时长和热量放在一起，同时让我运动时能快速进入常听音乐，最好一眼就能看明白。
N315,电池+相机,跳转到电池设置页面；跳转到相机界面,shooting_battery_check,freelance_creator,想要一个开拍准备卡片，出门拍摄前发现电量一般，显示手机电量和是否在充电，再点一下就能开相机，别让我现场再找，赶时间时也方便用。
N316,电话+电池,跳转到电池设置页面；拨打电话,low_battery_safety_contact,car_commuter,手机电量不多了，还在外面，想要一个电量电话卡片，告诉我剩余电量，点一下再看电池详情，另外保留一键联络，电量不多时少操作几步，把最重要的放前面。
N317,闹钟+音乐,跳转到每日30首和收藏页面；跳转闹钟,sleep_music_alarm,coffee_regular,明早要早起，今晚想早点休息。帮我做个助眠提醒卡片吧，点一下进入收藏歌单，不用再找音乐，另外让我看完安排后能直接去看闹钟，别让我来回切应用。
N318,闹钟+音乐+系统设置,跳转到每日30首和收藏页面；跳转闹钟；模式切换（免打扰、睡眠、学习）,sleep_music_alarm,gen_z_student,加班结束后想一次做好睡前准备。想整一个完整晚安卡片，点一下打开我常听的助眠歌单，同时点一下就能打开明早的闹钟，另外保留睡眠模式切换，避免继续被消息打扰，操作尽量直接一点。
N319,音乐+系统设置,模式切换（免打扰、睡眠、学习）；跳转到每日30首和收藏页面,music_focus_sleep,mobile_gamer,给我来个睡前音乐卡片，睡前不想继续刷手机，把睡眠模式入口放上去，再让我睡前能快速进入常听歌单，我想少点几下。
N320,闹钟+音乐,跳转到每日30首和收藏页面；跳转闹钟,sleep_music_alarm,fitness_runner,午休前想放点舒缓音乐。给我做个助眠提醒卡片，让我从卡片直接打开助眠音乐，同时把闹钟入口留出来，方便确认明早时间，操作尽量直接一点。
N321,天气+备忘录,跳转到备忘录；查询天气状况,trip_luggage_weather,market_grocery_buyer,我想要一个出行清单卡片，出差前想把清单和天气一起过一遍，显示备忘里的重点项目和未完成项，再把当前天气和空气情况放上去，临时要用时别绕太多层。
N322,电池+运动健康,跳转到电池设置页面；跳转锻炼时长页,outdoor_sport_device_guard,college_exam_student,准备出去徒步，手机电量看着不多。帮我做个户外设备小组件吧，告诉我剩余电量，点一下再看电池详情，另外把运动时长和当前状态放上去。
N323,备忘录+导航,跳转到备忘录；跳转去导航,memo_location_navigation,freelance_creator,外出办完事准备回家，想要一个办事返程卡片，让我核对清单还有什么没准备，再显示当前位置后可以马上导航回家，临时要用时别绕太多层。
N324,闹钟+音乐,跳转到每日30首和收藏页面；跳转闹钟,sleep_music_alarm,internet_overtime_worker,给我做个助眠提醒卡片，加班结束后脑子还停不下来，把收藏里的轻音乐入口放上去，再让我顺手核对起床闹钟，最好一眼就能看明白。
N325,相机+位置,跳转到相机界面,spot_shooting_return,short_trip_errand_user,找到合适位置后想马上开拍。想要一个取景小组件，显示我现在的位置，方便确认从哪里出发，另外保留一个明显的拍摄入口，别让我来回切应用。
N326,位置+导航,跳转去导航,current_location_navigation,novice_driver,晚上结束工作准备回去。帮我做个返程小组件，显示当前位置，方便家里人知道我在哪，同时从当前位置直接导航回家，把最重要的放前面。
N327,位置+导航,跳转去导航,current_location_navigation,novice_driver,晚上结束工作准备回去，给我做个位置导航卡片，把当前位置作为后续安排的参考，另外需要返程时能直接打开回家导航，临时要用时别绕太多层。
N328,备忘录+系统设置,跳转到备忘录；开启专注免打扰开关；模式切换（免打扰、睡眠、学习）,memo_focus_setup,office_worker,想要一个待办专注卡片，今晚要把积压的事情收尾，先列出备忘里的重点事项和提醒时间，同时保留一个专注开关，避免中途被打断，临时要用时别绕太多层。
N329,电池+相机,跳转到电池设置页面；跳转到相机界面,shooting_battery_check,frequent_business_traveler,到现场后想直接开拍，想要一个拍摄续航卡片，先看看手机还剩多少电，再决定后面的安排，另外让我少点几步就能进入相机，把最重要的放前面。
N330,天气+位置,查询天气状况,weather_location_shooting_decision,delivery_ride_worker,弄个位置天气卡片，到陌生地方后想先看当前位置和天气，显示当前位置，方便家里人知道我在哪，先看看天气是否适合在外面待一阵，把最重要的放前面。
N331,电话+位置,拨打电话,low_battery_safety_contact,forgetful_living_senior,一个人在外面，想让家里知道位置。麻烦做个位置联络卡片，让我一眼看到当前所在地点，另外需要帮助时能直接给家人打电话，别让我来回切应用。
N332,闹钟+音乐,跳转到每日30首和收藏页面；跳转闹钟,sleep_music_alarm,coffee_regular,晚上想听点轻松的早点睡，想整一个音乐闹钟卡片，让我从卡片直接打开助眠音乐，同时让我顺手核对起床闹钟。
N333,相机+位置,跳转到相机界面,spot_shooting_return,short_trip_errand_user,找到合适位置后想马上开拍，给我做个外拍位置卡片，让我一眼看到当前所在地点，另外保留一个明显的拍摄入口，别让我来回切应用。
N334,备忘录+电话,跳转到备忘录；拨打电话,memo_call_briefing,new_parent,马上要和客户沟通。我想要一个电话备忘卡片，把备忘里的沟通要点放上去，点一下能看原文，另外需要时能直接给对方打电话，赶时间时也方便用。
N335,闹钟+系统设置,跳转闹钟；模式切换（免打扰、睡眠、学习）,bedtime_tomorrow_plan,fitness_runner,晚上不想再被消息吵到，帮我做个睡前设置卡片，让我看完安排后能直接去看闹钟，再保留睡眠模式切换，避免继续被消息打扰，最好一眼就能看明白。
N336,日历+系统设置,查询日程；跳转日程；开启专注免打扰开关；模式切换（免打扰、睡眠、学习）,focus_before_meeting,senior_programmer,下一场培训会快开始了，来个会前小组件，让我一眼看到会议标题和时间，点一下查看详情，同时把专注模式入口放上去，开始前直接切换。
N337,日历+闹钟+系统设置,查询日程；跳转日程；跳转闹钟；模式切换（免打扰、睡眠、学习）,bedtime_tomorrow_plan,office_worker,给我做个早起准备小组件，睡前想一次确认明天日程和起床准备，先显示最近一项日程和开始时间，另外让我看完安排后能直接去看闹钟，再保留睡眠模式切换，避免继续被消息打扰，临时要用时别绕太多层。
N338,闹钟+系统设置,跳转闹钟；模式切换（免打扰、睡眠、学习）,bedtime_tomorrow_plan,gen_z_student,帮我做个闹钟模式小组件吧，准备睡了，明早还有安排，把明早的闹钟入口放上去，点一下能查看，再准备睡觉时少点几步就能安静下来，最好一眼就能看明白。
N339,天气+备忘录,跳转到备忘录；查询天气状况,trip_luggage_weather,household_stockpiler,帮我做个出门准备卡片，准备短途出行，怕漏带东西，把出门前要带的东西列出来，也能打开备忘录，同时显示现在的天气、体感和预警信息，赶时间时也方便用。
N340,日历+运动健康,查询日程；跳转日程；跳转锻炼时长页,schedule_sport_readiness,internet_overtime_worker,准备按日程去锻炼，想要一个运动安排卡片，先显示最近一项日程和开始时间，另外显示今天的活动进度，点一下查看锻炼详情，操作尽量直接一点。
N341,天气+电池,查询天气状况；跳转到电池设置页面,weather_battery_protect,night_market_vendor,极端天气出门前想检查设备。弄个出门状态卡片，显示会不会下雨，有恶劣天气就标出来，再显示手机电量和是否在充电，别让我来回切应用。
N342,闹钟+运动健康,跳转睡眠页；跳转闹钟,sleep_alarm_adjust,young_chronic_medication_user,准备睡觉前想看看最近休息情况。给我做个作息调整小组件，把昨晚的睡眠结果和详情入口放在一起，另外显示最近的起床提醒，并能打开闹钟，最好一眼就能看明白。
N343,音乐+系统设置,模式切换（免打扰、睡眠、学习）；跳转到每日30首和收藏页面,music_focus_sleep,mobile_gamer,睡前不想继续刷手机，帮我做个助眠小组件吧，准备睡觉时少点几步就能安静下来，另外让我从卡片直接打开助眠音乐，赶时间时也方便用。
N344,相机+导航,跳转到相机界面；跳转去导航,spot_shooting_return,short_trip_errand_user,今天外拍不想来回找应用。帮我做个开拍回家卡片，把相机入口放上去，适合时马上开拍，再把回家路线入口放上去，把最重要的放前面。
N345,相机+位置,跳转到相机界面,spot_shooting_return,frequent_business_traveler,在外面看到不错的取景点，给我做个外拍位置卡片，让我一眼看到当前所在地点，同时准备好后点一下直接开相机，别让我来回切应用。
N346,位置+导航,跳转去导航,current_location_navigation,novice_driver,到陌生地方后想确认返程路线，给我做个返程小组件，把当前位置作为后续安排的参考，另外留一个明显的回家导航入口。
N347,位置+导航,跳转去导航,current_location_navigation,novice_driver,给我做个返程小组件，晚上结束工作准备回去，显示我现在的位置，方便确认从哪里出发，同时让我从卡片直接开始返程导航，信息简单点就行。
N348,日历+相机,查询日程；跳转日程；跳转到相机界面,spot_shooting_return,college_exam_student,拍摄安排快到了，帮我做个摄影安排卡片吧，显示下一项安排的名称、时间和日程入口，再让我从卡片直接进入相机。
N349,运动健康+系统设置,跳转锻炼时长页；开启专注免打扰开关；模式切换（免打扰、睡眠、学习）,sport_focus_mode,gen_z_student,帮我做个锻炼状态卡片吧，进健身房后想专心练一会儿，看看今天的运动状态和锻炼时长，点一下能看详情，再让我少点几步就能开启专注，赶时间时也方便用。
N350,日历+电话,查询日程；跳转日程；拨打电话,schedule_quick_contact,office_worker,给我做个日程联系卡片，下一项日程需要提前联系对方，让我一眼看到会议标题和时间，点一下查看详情，同时把联系人和拨号入口放在一起。
N351,运动健康+音乐,跳转锻炼时长页；跳转到每日30首和收藏页面,sport_music_control,freelance_home_worker,帮我做个训练听歌小组件，今天训练想配个熟悉的歌单，先看看今天的训练记录，再决定下一步，同时让我运动时能快速进入常听音乐，别让我来回切应用。
N352,备忘录+电话,跳转到备忘录；拨打电话,memo_call_briefing,retired_senior,准备给房东打电话确认事情，麻烦做个沟通准备小组件，让我先过一遍记录的重点，也能打开备忘录，同时让我确认联系人后直接拨过去，操作尽量直接一点。
N353,备忘录+闹钟,跳转到备忘录；跳具体的tab页（跳转世界时钟、秒表、计时器）,memo_timed_reminder,young_chronic_medication_user,忙起来总记不住下一件事，想要一个事项提醒卡片，把备忘标题和未完成事项放在一起，另外到点前让我能快速进入计时器，操作尽量直接一点。
N354,电池+导航,跳转到电池设置页面；跳转去导航,low_battery_trip_guard,car_commuter,手机电量不多了还得赶回家，想要一个低电量返程卡片，把电量状态放在最显眼的位置，也保留详情入口，另外从当前位置直接导航回家，临时要用时别绕太多层。
N355,备忘录+电话,跳转到备忘录；拨打电话,memo_call_briefing,new_parent,回电前想先看一下之前的记录。请帮我做个沟通准备小组件，先列出备忘里的关键内容和待确认事项，再让我确认联系人后直接拨过去，信息简单点就行。
N356,备忘录+闹钟,跳转到备忘录；跳具体的tab页（跳转世界时钟、秒表、计时器）,memo_timed_reminder,new_parent,临时事情多，怕错过计时。麻烦做个定时待办小组件，先列出备忘里的重点事项和提醒时间，再点一下能打开计时器查看剩余时间，把最重要的放前面。
N357,闹钟+音乐,跳转到每日30首和收藏页面；跳转闹钟,sleep_music_alarm,coffee_regular,晚上想听点轻松的早点睡，想整一个晚安小组件，保留一个睡前歌单入口，再把起床提醒和闹钟入口放在一起，操作尽量直接一点。
N358,运动健康+音乐,跳转锻炼时长页；跳转到每日30首和收藏页面,sport_music_control,freelance_home_worker,开始运动前想先确认状态。给我做个训练听歌小组件，先看看今天的训练记录，再决定下一步，另外点一下能直接进我收藏的歌单，赶时间时也方便用。
N359,备忘录+运动健康,跳转到备忘录；跳转锻炼时长页,memo_sport_execution,retired_senior,我想要一个锻炼清单卡片，最近想按计划把运动坚持下来，让我看清剩下的待办，需要时能进备忘录，再让我快速看运动数据和完成情况。
N360,备忘录+运动健康,跳转到备忘录；跳转锻炼时长页,memo_sport_execution,young_chronic_medication_user,想要一个训练执行卡片，下班后准备完成训练清单，把今天要做的事放上去，点一下查看备忘详情，同时显示今天的活动进度，点一下查看锻炼详情，赶时间时也方便用。
N361,天气+位置,查询天气状况,weather_location_shooting_decision,night_market_vendor,准备在附近活动一会儿。来个户外决策小组件，把当前位置作为后续安排的参考，再告诉我出门时是什么天气，有预警就提醒，赶时间时也方便用。
N362,日历+运动健康,查询日程；跳转日程；跳转锻炼时长页,schedule_sport_readiness,internet_overtime_worker,今晚十点约了夜跑，帮我做个运动安排卡片，把当天剩下的安排放上去，方便随时核对，同时显示今天的活动进度，点一下查看锻炼详情，操作尽量直接一点。
N363,日历+闹钟,查询日程；跳转日程；跳转闹钟,schedule_wakeup_check,teacher_trainer,给我做个明早提醒卡片，睡前想确认明早几点起，把明天的安排和提醒时间带上，再让我看完安排后能直接去看闹钟，最好一眼就能看明白。
N364,电池+系统设置,跳转到电池设置页面；一键开启省电模式,low_battery_outdoor,senior_programmer,出门前发现手机电量不太多。弄个低电量小组件，显示手机电量和是否在充电，另外需要续航时能从卡片开启省电。
N365,闹钟+音乐,跳转到每日30首和收藏页面；跳转闹钟,sleep_music_alarm,fitness_runner,晚上想听点轻松的早点睡。帮我做个助眠提醒卡片，让我从卡片直接打开助眠音乐，再点一下就能打开明早的闹钟，信息简单点就行。
N366,音乐+系统设置,模式切换（免打扰、睡眠、学习）；跳转到每日30首和收藏页面,music_focus_sleep,mobile_gamer,睡前不想继续刷手机。帮我做个睡前音乐卡片吧，把晚间模式入口放在顺手的位置，同时把晚间常听的音乐放在顺手的位置，最好一眼就能看明白。
N367,运动健康+系统设置,跳转锻炼时长页；开启专注免打扰开关；模式切换（免打扰、睡眠、学习）,sport_focus_mode,gen_z_student,进健身房后想专心练一会儿。想整一个训练模式小组件，显示步数、运动时间和消耗情况，再开会或训练前可以直接打开免打扰，最好一眼就能看明白。
N368,天气+位置,查询天气状况,weather_location_shooting_decision,delivery_ride_worker,弄个当前位置天气卡片，在外面选拍摄地点，拿不准天气，把当前所在位置放上去，另外先看看天气是否适合在外面待一阵，信息简单点就行。
N369,备忘录+相机,跳转到备忘录；跳转到相机界面,photo_trip_check,co_renting_young_adult,帮我做个器材备忘卡片吧，出门做探店拍摄前想过一遍器材清单，让我快速过一遍准备清单和提醒，另外把相机入口放上去，适合时马上开拍。
N370,备忘录+电话,跳转到备忘录；拨打电话,memo_call_briefing,forgetful_living_senior,准备给房东打电话确认事情。请帮我做个联络要点卡片，让我在联系对方前快速看一遍备忘，另外需要时能直接给对方打电话，赶时间时也方便用。
N371,闹钟+系统设置,跳转闹钟；模式切换（免打扰、睡眠、学习）,bedtime_tomorrow_plan,office_worker,明天要早起，想把睡前设置一次弄好，想要一个晚间安排卡片，让我看完安排后能直接去看闹钟，再到休息时间可以直接打开睡眠模式，赶时间时也方便用。
N372,日历+系统设置,查询日程；跳转日程；开启专注免打扰开关；模式切换（免打扰、睡眠、学习）,focus_before_meeting,senior_programmer,今天八点有评审会。做个日程专注卡片，把接下来的会议时间列出来，也保留日程入口，另外需要专心时能一键打开免打扰，我想少点几下。
N373,电话+导航,跳转去导航；拨打电话,arrival_contact_navigation,novice_driver,去公司前想把路线和联系人放一起，给我做个到达前联系卡片，让我从当前位置马上开始去公司导航，再把联系人和拨号入口放在一起，信息简单点就行。
N374,相机+位置,跳转到相机界面,spot_shooting_return,short_trip_errand_user,在外面看到不错的取景点，帮我做个外拍位置卡片，把当前所在位置放上去，同时保留一个明显的拍摄入口。
N375,闹钟+运动健康,跳转睡眠页；跳转闹钟,sleep_alarm_adjust,young_chronic_medication_user,给我做个早起睡眠卡片，明天有早安排，想先核对睡眠和闹钟，把昨晚的睡眠结果和详情入口放在一起，再让我顺手核对起床闹钟，临时要用时别绕太多层。
N376,天气+电池,查询天气状况；跳转到电池设置页面,weather_battery_protect,field_sales_worker,下雨天要长时间用手机。想要一个设备保护小组件，把当前天气和预警信息放上去，先看看手机还剩多少电，再决定后面的安排，操作尽量直接一点。
N377,相机+位置,跳转到相机界面,spot_shooting_return,freelance_creator,想要一个取景小组件，做探店拍摄时要确认当前地点，把出发位置和当前位置放在一起，另外让我少点几步就能进入相机，临时要用时别绕太多层。
N378,电池+运动健康,跳转到电池设置页面；跳转锻炼时长页,outdoor_sport_device_guard,college_exam_student,户外训练时间会比较长，给我来个运动续航卡片，显示剩余电量和充电状态，点一下能看电池详情，再让我快速看运动数据和完成情况，我想少点几下。
N379,备忘录+运动健康,跳转到备忘录；跳转锻炼时长页,memo_sport_execution,retired_senior,下班后准备完成训练清单。麻烦做个训练执行卡片，显示备忘里的安排，并保留备忘录入口，再看看今天的运动状态和锻炼时长，点一下能看详情，赶时间时也方便用。
N380,日历+运动健康,查询日程；跳转日程；跳转锻炼时长页,schedule_sport_readiness,internet_overtime_worker,想要一个训练日程小组件，晚上有训练安排，想先看看今天状态，把明天的安排和提醒时间带上，同时把运动时长和当前状态放上去，赶时间时也方便用。
N381,备忘录+导航,跳转到备忘录；跳转去导航,memo_location_navigation,freelance_creator,备忘里的事情处理完了。帮我做个备忘导航小组件，让我核对清单还有什么没准备，再显示当前位置后可以马上导航回家，最好一眼就能看明白。
N382,天气+位置,查询天气状况,weather_location_shooting_decision,night_market_vendor,在外面选拍摄地点，拿不准天气，来个位置天气卡片，显示我现在的位置，方便确认从哪里出发，同时把会不会下雨和天气提醒放在一起，操作尽量直接一点。
N383,日历+电话,查询日程；跳转日程；拨打电话,schedule_quick_contact,office_worker,下一项日程需要提前联系对方。想要一个安排确认卡片，让我先看清几点开什么会，点一下还能进日程，另外留一个一键联系入口，方便马上沟通，赶时间时也方便用。
N384,电话+导航,跳转去导航；拨打电话,arrival_contact_navigation,car_commuter,快到出发时间，还需要联系对方，想要一个到达前联系卡片，把当前位置到公司的路线入口放在一起，同时保留快速联系按钮，临时有事能及时沟通，赶时间时也方便用。
N385,位置+导航,跳转去导航,current_location_navigation,car_commuter,想要一个返程小组件，到陌生地方后想确认返程路线，显示我此刻的位置，别让我手动再找，再让我从卡片直接开始返程导航。
N386,备忘录+运动健康,跳转到备忘录；跳转锻炼时长页,memo_sport_execution,retired_senior,麻烦做个运动待办小组件，下班后准备完成训练清单，显示备忘内容和最近提醒，方便继续处理，另外先看看今天的训练记录，再决定下一步，操作尽量直接一点。
N387,备忘录+闹钟,跳转到备忘录；跳具体的tab页（跳转世界时钟、秒表、计时器）,pet_fed_tracker,forgetful_living_senior,出门后突然想不起宠物喂过没有，我想要一个宠物记录卡片，让我确认今天的照顾事项做没做，再需要计时时能直接打开计时器，最好一眼就能看明白。
N388,日历+天气,查询日程；跳转日程；查询天气状况,schedule_weather_prep,field_sales_worker,帮我做个出门安排小组件，今晚要去外面参加家长会，显示下一场会议和开始时间，需要时能打开日程，另外告诉我出门时是什么天气，有预警就提醒，操作尽量直接一点。
N389,音乐+系统设置,跳转到每日30首和收藏页面,headset_music_shortcut,mobile_gamer,通勤路上刚戴上耳机。给我来个通勤听歌小组件，先告诉我耳机有没有连上，再让我从卡片直接进入收藏音乐。
N390,天气+备忘录,跳转到备忘录；查询天气状况,trip_luggage_weather,newlywed_household_manager,今天要出趟门，行李还没收完，帮我做个行李天气小组件，把备忘中的注意事项放在一起，另外显示现在的天气、体感和预警信息，赶时间时也方便用。
N391,天气+电池,查询天气状况；跳转到电池设置页面,weather_battery_protect,delivery_ride_worker,极端天气出门前想检查设备，做个天气电量卡片，告诉我天气是否会影响接下来的安排，同时让我先确认手机还有多少电，也能进入电池设置，把最重要的放前面。
N392,闹钟+音乐,跳转到每日30首和收藏页面；跳转闹钟,sleep_music_alarm,fitness_runner,午休前想放点舒缓音乐。帮我做个助眠提醒卡片，点一下打开我常听的助眠歌单，再把起床提醒和闹钟入口放在一起，最好一眼就能看明白。
N393,天气+电池,查询天气状况；跳转到电池设置页面,weather_battery_protect,night_market_vendor,高温天准备在外面待很久，做个天气电量卡片，先看看天气是不是适合按原计划出门，再显示剩余电量和充电状态，点一下能看电池详情，我想少点几下。
N394,电话+电池,跳转到电池设置页面；拨打电话,low_battery_safety_contact,car_commuter,手机电量不多了，还在外面，想要一个低电量联络卡片，显示手机电量和是否在充电，另外把家人联系方式放上去，点一下就能拨号。
N395,备忘录+电话,跳转到备忘录；拨打电话,memo_call_briefing,new_parent,请帮我做个电话备忘卡片，回电前想先看一下之前的记录，显示备忘中的重点，避免临时忘词，另外保留快速联系按钮，临时有事能及时沟通，临时要用时别绕太多层。
N396,电池+运动健康,跳转到电池设置页面；跳转锻炼时长页,outdoor_sport_device_guard,college_exam_student,帮我做个运动续航卡片吧，准备出去跑步，手机电量看着不多，把电量状态放在最显眼的位置，也保留详情入口，同时让我先确认今天练了多久，也能进入运动记录，信息简单点就行。
N397,闹钟+音乐,跳转到每日30首和收藏页面；跳转闹钟,sleep_music_alarm,coffee_regular,加班结束后脑子还停不下来。帮我做个音乐闹钟卡片吧，让我睡前能快速进入常听歌单，再让我看完安排后能直接去看闹钟，信息简单点就行。
N398,闹钟+系统设置,跳转闹钟；模式切换（免打扰、睡眠、学习）,bedtime_tomorrow_plan,gen_z_student,想整一个闹钟模式小组件，晚上不想再被消息吵到，把明早的闹钟入口放上去，点一下能查看，再把晚间模式入口放在顺手的位置，最好一眼就能看明白。
N399,电话+导航,跳转去导航；拨打电话,arrival_contact_navigation,novice_driver,帮我做个到达前联系卡片，快到出发时间，还需要联系对方，点一下直接进入去公司的导航，再让我从卡片直接拨打联系人电话，临时要用时别绕太多层。
N400,天气+备忘录,跳转到备忘录；查询天气状况,trip_luggage_weather,household_stockpiler,准备短途出行，怕漏带东西。给我做个出行清单卡片，把备忘里的准备清单带上，点一下能查看原文，同时看看当地天气、体感温度和会不会下雨，把最重要的放前面。
N401,闹钟+音乐,跳转到每日30首和收藏页面；跳转闹钟,sleep_music_alarm,fitness_runner,午休前想放点舒缓音乐，帮我做个音乐闹钟卡片，点一下打开我常听的助眠歌单，另外把闹钟入口留出来，方便确认明早时间，我想少点几下。
N402,日历+天气,查询日程；跳转日程；查询天气状况,schedule_weather_prep,field_sales_worker,接下来有场户外活动。想要一个日程天气卡片，显示下一场会议和开始时间，需要时能打开日程，再显示现在的天气、体感和预警信息，把最重要的放前面。
N403,相机+导航,跳转到相机界面；跳转去导航,spot_shooting_return,frequent_business_traveler,到地方要马上开拍，拍完就返程。给我做个外拍导航小组件，到地方后能快速打开相机，再把回家路线入口放上去，我想少点几下。
N404,天气+相机,查询天气状况；跳转到相机界面,weather_photo_prep,urban_fashion_woman,准备出门取景，怕天气突然变。帮我做个摄影准备小组件吧，把当前天气和空气情况放上去，再到地方后能快速打开相机，信息简单点就行。
N405,天气+相机,查询天气状况；跳转到相机界面,weather_photo_prep,urban_fashion_woman,想整一个外拍天气卡片，准备出门取景，怕天气突然变，看看当地天气、体感温度和会不会下雨，再让我从卡片直接进入相机，最好一眼就能看明白。
N406,运动健康+系统设置,跳转锻炼时长页；开启专注免打扰开关；模式切换（免打扰、睡眠、学习）,sport_focus_mode,gen_z_student,进健身房后想专心练一会儿，给我来个训练模式小组件，显示步数、运动时间和消耗情况，另外保留一个专注开关，避免中途被打断，最好一眼就能看明白。
N407,相机+位置,跳转到相机界面,spot_shooting_return,short_trip_errand_user,给我做个位置拍摄卡片，走到陌生街区想随手拍一下，把出发位置和当前位置放在一起，同时把相机入口放上去，适合时马上开拍，把最重要的放前面。
N408,电池+位置,跳转到电池设置页面,low_battery_safety_contact,car_commuter,返程前想看看电量和当前位置。给我做个电量定位卡片，显示剩余电量和充电状态，点一下能看电池详情，同时让我先确认自己现在在哪儿，操作尽量直接一点。
N409,日历+相机,查询日程；跳转日程；跳转到相机界面,spot_shooting_return,frequent_business_traveler,帮我做个拍摄日程卡片，今晚十点有一场活动跟拍，先告诉我下一件事几点开始，并能进入日程，再把相机入口放上去，适合时马上开拍，别让我来回切应用。
N410,天气+电池,查询天气状况；跳转到电池设置页面,weather_battery_protect,delivery_ride_worker,天气很冷，担心手机掉电快，做个天气电量卡片，显示会不会下雨，有恶劣天气就标出来，另外显示剩余电量和充电状态，点一下能看电池详情，临时要用时别绕太多层。
N411,运动健康+系统设置,跳转锻炼时长页；开启专注免打扰开关；模式切换（免打扰、睡眠、学习）,sport_focus_mode,fitness_runner,户外运动时不方便频繁看手机。想要一个训练模式小组件，把运动时长和当前状态放上去，另外保留一个专注开关，避免中途被打断。
N412,备忘录+电话,跳转到备忘录；拨打电话,memo_call_briefing,new_parent,准备给房东打电话确认事情。麻烦做个沟通准备小组件，先列出备忘里的关键内容和待确认事项，同时把联系人和拨号入口放在一起，信息简单点就行。
N413,电池+位置,跳转到电池设置页面,low_battery_safety_contact,night_market_vendor,在陌生地方发现手机电量不多，弄个低电量位置卡片，先看看手机还剩多少电，再决定后面的安排，另外显示我现在的位置，方便确认从哪里出发，临时要用时别绕太多层。
N414,闹钟+系统设置,跳转闹钟；模式切换（免打扰、睡眠、学习）,bedtime_tomorrow_plan,office_worker,准备睡了，明早还有安排，帮我做个闹钟模式小组件，把明早的闹钟入口放上去，点一下能查看，另外让我从卡片快速进入睡眠模式，最好一眼就能看明白。
N415,天气+相机,查询天气状况；跳转到相机界面,weather_photo_prep,urban_fashion_woman,周末约了外拍。给我来个拍摄天气卡片，把会不会下雨和天气提醒放在一起，同时到地方后能快速打开相机，赶时间时也方便用。
N416,日历+导航,查询日程；跳转日程；跳转去导航,schedule_location_navigation,field_sales_worker,给我做个上班行程小组件，下一项安排在公司，快到出发时间了，把明天的安排和提醒时间带上，再留一个明显的公司导航入口，把最重要的放前面。
N417,音乐+系统设置,模式切换（免打扰、睡眠、学习）；跳转到每日30首和收藏页面,music_focus_sleep,mobile_gamer,想整一个助眠小组件，加班结束想早点安静下来，把晚间模式入口放在顺手的位置，同时让我睡前能快速进入常听歌单，信息简单点就行。
N418,日历+闹钟,查询日程；跳转日程；跳转闹钟,schedule_wakeup_check,teacher_trainer,今晚一早有部门例会，给我做个日程闹钟卡片，把接下来的安排和时间放在一起，点一下能看日程，同时把明早的闹钟入口放上去，点一下能查看，操作尽量直接一点。
N419,电池+相机,跳转到电池设置页面；跳转到相机界面,shooting_battery_check,freelance_creator,马上要开始探店拍摄。帮我做个拍摄续航卡片，把电量状态放在最显眼的位置，也保留详情入口，同时留一个相机入口，到点就能开始拍，操作尽量直接一点。
N420,备忘录+导航,跳转到备忘录；跳转去导航,memo_location_navigation,freelance_creator,给我做个备忘导航小组件，临时办事结束，不想再找路线，把备忘里的准备清单带上，点一下能查看原文，再让我少点几步就能导航回家，把最重要的放前面。
N421,闹钟+音乐,跳转到每日30首和收藏页面；跳转闹钟,sleep_music_alarm,coffee_regular,明早要早起，今晚想早点休息。给我来个晚安小组件，把晚间常听的音乐放在顺手的位置，再让我顺手核对起床闹钟，把最重要的放前面。
N422,日历+备忘录,跳转到备忘录；查询日程；跳转日程,car_maintenance_due,office_worker,准备安排一次车辆检查。帮我做个车辆事务卡片，把年检或保养备忘带上，避免漏项，另外先告诉我下一件事几点开始，并能进入日程，信息简单点就行。
N423,电话+导航,跳转去导航；拨打电话,arrival_contact_navigation,novice_driver,帮我做个导航联系卡片，快到出发时间，还需要联系对方，点一下直接进入去公司的导航，另外让我从卡片直接拨打联系人电话，别让我来回切应用。
N424,天气+备忘录,跳转到备忘录；查询天气状况,trip_luggage_weather,market_grocery_buyer,准备短途出行，怕漏带东西。请帮我做个行李天气小组件，让我核对清单还有什么没准备，先看看天气是否适合在外面待一阵，信息简单点就行。
N425,电话+电池,跳转到电池设置页面；拨打电话,low_battery_safety_contact,car_commuter,想要一个低电量联络卡片，出差路上电量偏低，显示手机电量和是否在充电，再把常用联系人和拨号入口放在一起，把最重要的放前面。
N426,天气+电话,查询天气状况；拨打电话,weather_care_contact,night_market_vendor,看到家那边天气不太好，弄个天气关怀卡片，显示会不会下雨，有恶劣天气就标出来，另外需要帮助时能直接给家人打电话。
N427,音乐+系统设置,跳转到每日30首和收藏页面,headset_music_shortcut,mobile_gamer,想整一个通勤听歌小组件，准备做家务，想边听歌边收拾，把耳机是否在线放在最显眼的位置，同时把常听歌单放上去，少翻几层页面，临时要用时别绕太多层。
N428,电话+位置,拨打电话,low_battery_safety_contact,forgetful_living_senior,到陌生地方后需要尽快联系家人。我想要一个安全联系卡片，把当前位置作为后续安排的参考，同时保留一键联络，电量不多时少操作几步，操作尽量直接一点。
N429,天气+电池,查询天气状况；跳转到电池设置页面,weather_battery_protect,delivery_ride_worker,来个设备保护小组件，天气很冷，担心手机掉电快，天气变差时给我一个明显提醒，同时告诉我剩余电量，点一下再看电池详情，把最重要的放前面。
N430,日历+电话,查询日程；跳转日程；拨打电话,schedule_quick_contact,office_worker,想要一个会议联络小组件，下一项日程需要提前联系对方，先告诉我下一场会是什么时候，还能直接看日程，同时保留快速联系按钮，临时有事能及时沟通，临时要用时别绕太多层。
N431,相机+位置,跳转到相机界面,spot_shooting_return,short_trip_errand_user,走到陌生街区想随手拍一下。帮我做个位置拍摄卡片，让我一眼看到当前所在地点，另外把相机入口放上去，适合时马上开拍，临时要用时别绕太多层。
N432,电池+系统设置,跳转到电池设置页面；一键开启省电模式,low_battery_outdoor,senior_programmer,准备开始跑单，手机还没充满。来个出门续航卡片，显示手机电量和是否在充电，另外把省电模式入口放在顺手的位置，赶时间时也方便用。
N433,闹钟+音乐,跳转到每日30首和收藏页面；跳转闹钟,sleep_music_alarm,internet_overtime_worker,给我做个助眠提醒卡片，加班结束后脑子还停不下来，把收藏里的轻音乐入口放上去，再让我看完安排后能直接去看闹钟，操作尽量直接一点。
N434,运动健康+音乐,跳转锻炼时长页；跳转到每日30首和收藏页面,sport_music_control,freelance_home_worker,准备去力量训练，想顺手放点常听的歌。帮我做个训练听歌小组件，看看今天的运动状态和锻炼时长，点一下能看详情，再让我运动时能快速进入常听音乐，最好一眼就能看明白。
N435,电话+电池,跳转到电池设置页面；拨打电话,low_battery_safety_contact,car_commuter,想要一个电量电话卡片，出差路上电量偏低，显示手机电量和是否在充电，同时把家人联系方式放上去，点一下就能拨号，我想少点几下。
N436,天气+相机,查询天气状况；跳转到相机界面,weather_photo_prep,urban_fashion_woman,给我来个外拍天气卡片，今天准备去做探店拍摄，告诉我出门时是什么天气，有预警就提醒，另外让我少点几步就能进入相机，最好一眼就能看明白。
N437,日历+闹钟,查询日程；跳转日程；跳转闹钟,schedule_wakeup_check,teacher_trainer,给我做个明早提醒卡片，睡前想确认明早几点起，先告诉我下一件事几点开始，并能进入日程，另外把闹钟入口留出来，方便确认明早时间，操作尽量直接一点。
N438,电话+位置,拨打电话,low_battery_safety_contact,forgetful_living_senior,临时换了位置，准备和家里说一声，请帮我做个报平安小组件，把出发位置和当前位置放在一起，再让我能从卡片马上联系家里人，赶时间时也方便用。
N439,电话+导航,跳转去导航；拨打电话,arrival_contact_navigation,novice_driver,去公司前想把路线和联系人放一起。帮我做个到达前联系卡片，点一下直接进入去公司的导航，另外让我确认联系人后直接拨过去，把最重要的放前面。
N440,天气+电话,查询天气状况；拨打电话,weather_care_contact,night_market_vendor,父母那边可能有大风降雨，来个天气关怀卡片，显示最新天气，有预警时别漏掉，再留一个快速拨号入口，方便随时报平安，把最重要的放前面。
N441,日历+相机,查询日程；跳转日程；跳转到相机界面,spot_shooting_return,frequent_business_traveler,给我做个摄影安排卡片，今天有几个拍摄时间点，先告诉我下一件事几点开始，并能进入日程，同时留一个相机入口，到点就能开始拍，临时要用时别绕太多层。
N442,日历+运动健康,查询日程；跳转日程；跳转锻炼时长页,schedule_sport_readiness,internet_overtime_worker,今天八点约了跑步，给我做个运动安排卡片，显示下一项安排的名称、时间和日程入口，先看看今天的训练记录，再决定下一步，信息简单点就行。
N443,备忘录+相机,跳转到备忘录；跳转到相机界面,photo_trip_check,co_renting_young_adult,出门做日落拍摄前想过一遍器材清单，帮我做个外拍准备小组件吧，让我核对清单还有什么没准备，同时点一下就能开相机，别让我现场再找，赶时间时也方便用。
N444,电话+电池,跳转到电池设置页面；拨打电话,low_battery_safety_contact,car_commuter,出差路上电量偏低。帮我做个电量电话卡片，让我先确认手机还有多少电，也能进入电池设置，再让我不用翻通讯录就能联系家里，最好一眼就能看明白。
N445,相机+导航,跳转到相机界面；跳转去导航,spot_shooting_return,short_trip_errand_user,日落拍摄结束后想直接回家，想要一个开拍回家卡片，让我少点几步就能进入相机，再点一下就能开始回家导航，操作尽量直接一点。
N446,相机+导航,跳转到相机界面；跳转去导航,spot_shooting_return,frequent_business_traveler,想要一个开拍回家卡片，短视频拍摄结束后想直接回家，保留一个明显的拍摄入口，同时从当前位置直接导航回家，临时要用时别绕太多层。
N447,电话+电池,跳转到电池设置页面；拨打电话,low_battery_safety_contact,field_sales_worker,跑单途中快没电，想先留好联络方式。想要一个电量电话卡片，告诉我剩余电量，点一下再看电池详情，再让我不用翻通讯录就能联系家里，我想少点几下。
N448,电池+导航,跳转到电池设置页面；跳转去导航,low_battery_trip_guard,delivery_ride_worker,手机电量不多了还得赶回家，弄个低电量返程卡片，告诉我剩余电量，点一下再看电池详情，再让我少点几步就能导航回家，最好一眼就能看明白。
N449,备忘录+电话,跳转到备忘录；拨打电话,memo_call_briefing,new_parent,有件事要联系对方，怕漏掉重点。麻烦做个联络要点卡片，把备忘里的沟通要点放上去，点一下能看原文，再保留快速联系按钮，临时有事能及时沟通，操作尽量直接一点。
N450,日历+运动健康,查询日程；跳转日程；跳转锻炼时长页,schedule_sport_readiness,internet_overtime_worker,准备按日程去锻炼。想要一个锻炼计划卡片，让我看清今天还有什么安排，也能打开日程，再让我先确认今天练了多久，也能进入运动记录，我想少点几下。
N451,电池+系统设置,跳转到电池设置页面；一键开启省电模式,low_battery_outdoor,senior_programmer,来个出门续航卡片，出门前发现手机电量不太多，把当前电量、充电状态和电池入口放在一起，另外电量紧张时能马上切到省电状态，最好一眼就能看明白。
N452,相机+位置,跳转到相机界面,spot_shooting_return,short_trip_errand_user,做短视频拍摄时要确认当前地点，帮我做个外拍位置卡片，显示我此刻的位置，别让我手动再找，再留一个相机入口，到点就能开始拍，赶时间时也方便用。
N453,备忘录+相机,跳转到备忘录；跳转到相机界面,photo_trip_check,co_renting_young_adult,到了现场要马上开拍，给我来个器材备忘卡片，显示备忘里的重点项目和未完成项，再到地方后能快速打开相机，赶时间时也方便用。
N454,电池+系统设置,跳转到电池设置页面；一键开启省电模式,low_battery_outdoor,senior_programmer,去机场前想先确认续航。来个出门续航卡片，显示手机电量和是否在充电，另外保留一键省电，避免临时找设置，最好一眼就能看明白。
N455,闹钟+音乐,跳转到每日30首和收藏页面；跳转闹钟,sleep_music_alarm,coffee_regular,晚上想听点轻松的早点睡，帮我做个助眠提醒卡片吧，让我从卡片直接打开助眠音乐，另外把起床提醒和闹钟入口放在一起，别让我来回切应用。
N456,相机+导航,跳转到相机界面；跳转去导航,spot_shooting_return,freelance_creator,给我做个外拍导航小组件，准备在外面拍一会儿，结束后直接回去，把相机入口放上去，适合时马上开拍，再让我从卡片直接开始返程导航，最好一眼就能看明白。
N457,电池+相机,跳转到电池设置页面；跳转到相机界面,shooting_battery_check,college_exam_student,到现场后想直接开拍，帮我做个拍摄续航卡片吧，把当前电量、充电状态和电池入口放在一起，另外到地方后能快速打开相机，临时要用时别绕太多层。
N458,电池+运动健康,跳转到电池设置页面；跳转锻炼时长页,outdoor_sport_device_guard,college_exam_student,周末要骑很久，想先检查设备。帮我做个运动续航卡片吧，告诉我剩余电量，点一下再看电池详情，同时先看看今天的训练记录，再决定下一步，把最重要的放前面。
N459,闹钟+音乐,跳转到每日30首和收藏页面；跳转闹钟,sleep_music_alarm,gen_z_student,明早要早起，今晚想早点休息，想整一个晚安小组件，保留一个睡前歌单入口，再让我顺手核对起床闹钟，我想少点几下。
N460,电话+位置,拨打电话,low_battery_safety_contact,forgetful_living_senior,到陌生地方后需要尽快联系家人。请帮我做个报平安小组件，让我先确认自己现在在哪儿，另外把家人联系方式放上去，点一下就能拨号，把最重要的放前面。
N461,闹钟+运动健康,跳转睡眠页；跳转闹钟,sleep_alarm_adjust,young_chronic_medication_user,最近总觉得没睡够，给我做个早起睡眠卡片，先看看昨晚休息够不够，再调整安排，另外把闹钟入口留出来，方便确认明早时间，赶时间时也方便用。
N462,位置+导航,跳转去导航,current_location_navigation,novice_driver,忙完手上的事，不想再找当前位置，帮我做个位置导航卡片，显示我此刻的位置，别让我手动再找，另外把回家路线入口放上去，信息简单点就行。
N463,电话+导航,跳转去导航；拨打电话,arrival_contact_navigation,novice_driver,快到出发时间，还需要联系对方。想要一个到达前联系卡片，点一下直接进入去公司的导航，另外保留快速联系按钮，临时有事能及时沟通，别让我来回切应用。
N464,运动健康+系统设置,跳转锻炼时长页；开启专注免打扰开关；模式切换（免打扰、睡眠、学习）,sport_focus_mode,fitness_runner,今晚训练安排比较紧。给我做个运动专注卡片，先看看今天的训练记录，再决定下一步，另外让我能从卡片快速进入专注状态，把最重要的放前面。
N465,天气+电话,查询天气状况；拨打电话,weather_care_contact,night_market_vendor,做个天气联系卡片，天气突然变差，想问问家里情况，显示会不会下雨，有恶劣天气就标出来，再让我能从卡片马上联系家里人。
N466,运动健康+系统设置,跳转锻炼时长页；开启专注免打扰开关；模式切换（免打扰、睡眠、学习）,sport_focus_mode,fitness_runner,今晚训练安排比较紧，帮我做个运动专注卡片，把运动时长和当前状态放上去，再把专注模式入口放上去，开始前直接切换，最好一眼就能看明白。
N467,电话+位置,拨打电话,low_battery_safety_contact,forgetful_living_senior,我想要一个安全联系卡片，晚上回去得晚，想先报个平安，显示我此刻的位置，别让我手动再找，另外保留一键联络，电量不多时少操作几步，别让我来回切应用。
N468,备忘录+系统设置,跳转到备忘录；开启专注免打扰开关；模式切换（免打扰、睡眠、学习）,memo_focus_setup,office_worker,学习前想先把任务理清。帮我做个待办专注卡片，显示备忘里的安排，并保留备忘录入口，再把模式切换放在顺手的位置，最好一眼就能看明白。
N469,备忘录+系统设置,跳转到备忘录；开启专注免打扰开关；模式切换（免打扰、睡眠、学习）,memo_focus_setup,office_worker,给我做个待办专注卡片，学习前想先把任务理清，让我看清剩下的待办，需要时能进备忘录，再需要安静时能马上切到免打扰模式，把最重要的放前面。
N470,日历+电话,查询日程；跳转日程；拨打电话,schedule_quick_contact,office_worker,给我做个安排确认卡片，部门例会快开始了，还没和对方确认，让我先看清几点开什么会，点一下还能进日程，另外保留快速联系按钮，临时有事能及时沟通，操作尽量直接一点。
N471,备忘录+导航,跳转到备忘录；跳转去导航,memo_location_navigation,freelance_creator,想要一个回家事项卡片，备忘里的事情处理完了，显示清单标题、内容和备忘录入口，再从当前位置直接导航回家，最好一眼就能看明白。
N472,天气+电池,查询天气状况；跳转到电池设置页面,weather_battery_protect,delivery_ride_worker,天气很冷，担心手机掉电快，来个设备保护小组件，告诉我天气是否会影响接下来的安排，再把当前电量、充电状态和电池入口放在一起，最好一眼就能看明白。
N473,日历+导航,查询日程；跳转日程；跳转去导航,schedule_location_navigation,field_sales_worker,准备从家去公司赶下一场安排。帮我做个日程导航卡片，显示下一项安排的名称、时间和日程入口，再点一下直接进入去公司的导航，把最重要的放前面。
N474,电池+导航,跳转到电池设置页面；跳转去导航,low_battery_trip_guard,delivery_ride_worker,做个回家电量卡片，跑完最后一单准备返程，把当前电量、充电状态和电池入口放在一起，再点一下就能开始回家导航。
N475,天气+备忘录,跳转到备忘录；查询天气状况,trip_luggage_weather,newlywed_household_manager,给我做个出门准备卡片，准备短途出行，怕漏带东西，让我核对清单还有什么没准备，再把会不会下雨和天气提醒放在一起，信息简单点就行。
N476,电话+电池,跳转到电池设置页面；拨打电话,low_battery_safety_contact,car_commuter,晚上独自在外，手机续航有点悬，给我做个安全联系小组件，告诉我剩余电量，点一下再看电池详情，另外让我不用翻通讯录就能联系家里，别让我来回切应用。
N477,相机+位置,跳转到相机界面,spot_shooting_return,short_trip_errand_user,给我做个取景小组件，走到陌生街区想随手拍一下，显示我此刻的位置，别让我手动再找，同时保留一个明显的拍摄入口，最好一眼就能看明白。
N478,天气+电话,查询天气状况；拨打电话,weather_care_contact,night_market_vendor,来个天气关怀卡片，家里人今天要出门，显示会不会下雨，有恶劣天气就标出来，再让我不用翻通讯录就能联系家里，我想少点几下。
N479,电池+运动健康,跳转到电池设置页面；跳转锻炼时长页,outdoor_sport_device_guard,college_exam_student,给我来个训练电量卡片，准备开始运动，怕手机中途没电，让我一眼看到电量，必要时能打开电池设置，同时让我先确认今天练了多久，也能进入运动记录，信息简单点就行。
N480,相机+导航,跳转到相机界面；跳转去导航,spot_shooting_return,frequent_business_traveler,准备在外面拍一会儿，结束后直接回去，帮我做个拍摄返程卡片，到地方后能快速打开相机，另外从当前位置直接导航回家，把最重要的放前面。
N481,天气+位置,查询天气状况,weather_location_shooting_decision,delivery_ride_worker,在外面选拍摄地点，拿不准天气。弄个户外决策小组件，显示我此刻的位置，别让我手动再找，先看看天气是否适合在外面待一阵，最好一眼就能看明白。
N482,电池+运动健康,跳转到电池设置页面；跳转锻炼时长页,outdoor_sport_device_guard,college_exam_student,想整一个训练电量卡片，户外训练时间会比较长，让我一眼看到电量，必要时能打开电池设置，另外把本次运动时长和热量放在一起，最好一眼就能看明白。
N483,闹钟+系统设置,跳转闹钟；模式切换（免打扰、睡眠、学习）,bedtime_tomorrow_plan,gen_z_student,明天要早起，想把睡前设置一次弄好。帮我做个晚间安排卡片吧，把闹钟入口留出来，方便确认明早时间，另外让我从卡片快速进入睡眠模式，我想少点几下。
N484,备忘录+相机,跳转到备忘录；跳转到相机界面,photo_trip_check,co_renting_young_adult,想整一个拍摄清单卡片，今天拍摄环节多，想少切几个应用，让我核对清单还有什么没准备，另外把相机入口放上去，适合时马上开拍，把最重要的放前面。
N485,电池+导航,跳转到电池设置页面；跳转去导航,low_battery_trip_guard,car_commuter,晚上准备回家，担心导航中途没电。想要一个续航导航小组件，把电量状态放在最显眼的位置，也保留详情入口，另外显示当前位置后可以马上导航回家，别让我来回切应用。
N486,相机+位置,跳转到相机界面,spot_shooting_return,frequent_business_traveler,在外面看到不错的取景点，帮我做个位置拍摄卡片，显示我此刻的位置，别让我手动再找，再保留一个明显的拍摄入口，信息简单点就行。
N487,日历+系统设置,查询日程；跳转日程；开启专注免打扰开关；模式切换（免打扰、睡眠、学习）,focus_before_meeting,senior_programmer,下一场家长会快开始了，弄个会前小组件，让我先看清几点开什么会，点一下还能进日程，同时保留一个专注开关，避免中途被打断，别让我来回切应用。
N488,闹钟+音乐,跳转到每日30首和收藏页面；跳转闹钟,sleep_music_alarm,coffee_regular,午休前想放点舒缓音乐，帮我做个晚安小组件吧，让我从卡片直接打开助眠音乐，再把闹钟入口留出来，方便确认明早时间，临时要用时别绕太多层。
N489,闹钟+系统设置,跳转闹钟；模式切换（免打扰、睡眠、学习）,bedtime_tomorrow_plan,fitness_runner,晚上不想再被消息吵到。给我做个睡前设置卡片，让我看完安排后能直接去看闹钟，另外让我睡前能一键切换到安静状态，我想少点几下。
N490,运动健康+音乐,跳转锻炼时长页；跳转到每日30首和收藏页面,sport_music_control,freelance_home_worker,想要一个运动音乐卡片，准备去夜跑，想顺手放点常听的歌，把运动时长和当前状态放上去，再让我从卡片直接进入收藏音乐，我想少点几下。
N491,天气+电池,查询天气状况；跳转到电池设置页面,weather_battery_protect,field_sales_worker,给我做个出门状态卡片，下雨天要长时间用手机，天气变差时给我一个明显提醒，再把电量状态放在最显眼的位置，也保留详情入口，赶时间时也方便用。
N492,日历+闹钟,查询日程；跳转日程；跳转闹钟,schedule_wakeup_check,teacher_trainer,帮我做个日程闹钟卡片，怕睡过头耽误早上的事情，把接下来的安排和时间放在一起，点一下能看日程，再让我顺手核对起床闹钟，最好一眼就能看明白。
N493,音乐+系统设置,跳转到每日30首和收藏页面,headset_music_shortcut,mobile_gamer,上车后不想再翻手机。帮我做个音乐快捷卡片吧，让我一眼确认蓝牙耳机是否已连接，再把常听歌单放上去，少翻几层页面，信息简单点就行。
N494,日历+导航,查询日程；跳转日程；跳转去导航,schedule_location_navigation,field_sales_worker,下一项安排在公司，快到出发时间了。给我做个日程导航卡片，把当天剩下的安排放上去，方便随时核对，同时让我少点几步就能导航到公司，赶时间时也方便用。
N495,天气+相机,查询天气状况；跳转到相机界面,weather_photo_prep,urban_fashion_woman,今天准备去做短视频拍摄。给我来个拍摄天气卡片，看看当地天气、体感温度和会不会下雨，另外准备好后点一下直接开相机，最好一眼就能看明白。
N496,日历+电话,查询日程；跳转日程；拨打电话,schedule_quick_contact,office_worker,下一项日程需要提前联系对方。帮我做个安排确认卡片，先告诉我下一场会是什么时候，还能直接看日程，再把联系人和拨号入口放在一起，别让我来回切应用。
N497,天气+电话,查询天气状况；拨打电话,weather_care_contact,night_market_vendor,弄个天气联系卡片，天气突然变差，想问问家里情况，让我先确认天气状况和风险提醒，同时保留一键联络，电量不多时少操作几步，信息简单点就行。
N498,备忘录+电话,跳转到备忘录；拨打电话,memo_call_briefing,retired_senior,请帮我做个沟通准备小组件，准备给房东打电话确认事情，先列出备忘里的关键内容和待确认事项，另外需要改计划时能马上打电话说明，赶时间时也方便用。
N499,日历+闹钟,查询日程；跳转日程；跳转闹钟,schedule_wakeup_check,teacher_trainer,怕睡过头耽误早上的事情。给我做个日程闹钟卡片，让我先确认行程时间，点一下再看详情，再让我快速确认闹钟有没有设好，把最重要的放前面。
N500,音乐+系统设置,跳转到每日30首和收藏页面,headset_music_shortcut,mobile_gamer,给我来个耳机音乐卡片，上车后不想再翻手机，把耳机是否在线放在最显眼的位置，同时点一下打开每日推荐或收藏歌单，我想少点几下。
N501,闹钟+音乐,跳转到每日30首和收藏页面；跳转闹钟,sleep_music_alarm,coffee_regular,想整一个助眠提醒卡片，晚上想听点轻松的早点睡，点一下打开我常听的助眠歌单，同时显示最近的起床提醒，并能打开闹钟，别让我来回切应用。
N502,导航+系统设置,跳转去导航；一键开启省电模式,low_battery_trip_guard,car_commuter,帮我做个省电导航卡片，准备回家，想尽量少耗电，留一个明显的回家导航入口，再留一个省电开关，出门前可以直接打开，临时要用时别绕太多层。
N503,电话+位置,拨打电话,low_battery_safety_contact,forgetful_living_senior,临时换了位置，准备和家里说一声，我想要一个报平安小组件，把当前位置作为后续安排的参考，另外紧急时能一键打给家里人，赶时间时也方便用。
N504,日历+运动健康,查询日程；跳转日程；跳转锻炼时长页,schedule_sport_readiness,internet_overtime_worker,给我做个锻炼计划卡片，周末晚上六点半约了游泳，让我看清今天还有什么安排，也能打开日程，另外先看看今天的训练记录，再决定下一步，别让我来回切应用。
N505,闹钟+音乐,跳转到每日30首和收藏页面；跳转闹钟,sleep_music_alarm,coffee_regular,加班结束后脑子还停不下来。帮我做个晚安小组件吧，把晚间常听的音乐放在顺手的位置，再把起床提醒和闹钟入口放在一起，我想少点几下。
N506,电话+导航,跳转去导航；拨打电话,arrival_contact_navigation,novice_driver,准备去公司见客户，帮我做个导航联系卡片，点一下能直接导航去公司，同时需要改计划时能马上打电话说明，别让我来回切应用。
N507,日历+天气,查询日程；跳转日程；查询天气状况,schedule_weather_prep,field_sales_worker,想要一个行程天气卡片，下午要赶去客户那边，让我先看清几点开什么会，点一下还能进日程，同时告诉我出门时是什么天气，有预警就提醒，操作尽量直接一点。
N508,运动健康+音乐,跳转锻炼时长页；跳转到每日30首和收藏页面,sport_music_control,freelance_home_worker,开始运动前想先确认状态。帮我做个运动音乐卡片，让我先确认今天练了多久，也能进入运动记录，同时把常听歌单放上去，少翻几层页面，操作尽量直接一点。
N509,电池+运动健康,跳转到电池设置页面；跳转锻炼时长页,outdoor_sport_device_guard,college_exam_student,准备开始运动，怕手机中途没电，给我来个运动续航卡片，显示手机电量和是否在充电，同时让我快速看运动数据和完成情况，最好一眼就能看明白。
N510,相机+位置,跳转到相机界面,spot_shooting_return,short_trip_errand_user,走到陌生街区想随手拍一下，给我做个位置拍摄卡片，显示我此刻的位置，别让我手动再找，同时让我少点几步就能进入相机，别让我来回切应用。
N511,位置+导航,跳转去导航,current_location_navigation,novice_driver,帮我做个返程小组件，到陌生地方后想确认返程路线，显示当前位置，方便家里人知道我在哪，再让我从卡片直接开始返程导航，操作尽量直接一点。
N512,日历+运动健康,查询日程；跳转日程；跳转锻炼时长页,schedule_sport_readiness,internet_overtime_worker,准备按日程去锻炼，帮我做个训练日程小组件，让我先确认行程时间，点一下再看详情，再显示步数、运动时间和消耗情况，赶时间时也方便用。
N513,相机+位置,跳转到相机界面,spot_shooting_return,freelance_creator,想要一个位置拍摄卡片，找到合适位置后想马上开拍，把出发位置和当前位置放在一起，另外保留一个明显的拍摄入口。
N514,日历+天气,查询日程；跳转日程；查询天气状况,schedule_weather_prep,frequent_business_traveler,明早有个不能迟到的安排，想要一个出门安排小组件，显示临近会议的名称和时间，并留一个日程入口，再看看当地天气、体感温度和会不会下雨，最好一眼就能看明白。
N515,电池+运动健康,跳转到电池设置页面；跳转锻炼时长页,outdoor_sport_device_guard,college_exam_student,准备开始运动，怕手机中途没电，想整一个运动续航卡片，把当前电量、充电状态和电池入口放在一起，同时显示今天的活动进度，点一下查看锻炼详情。
N516,日历+天气,查询日程；跳转日程；查询天气状况,schedule_weather_prep,field_sales_worker,明早有个不能迟到的安排，想要一个出门安排小组件，让我一眼看到会议标题和时间，点一下查看详情，同时告诉我出门时是什么天气，有预警就提醒，赶时间时也方便用。
N517,电池+相机,跳转到电池设置页面；跳转到相机界面,shooting_battery_check,freelance_creator,帮我做个开拍准备卡片，出门拍摄前发现电量一般，显示手机电量和是否在充电，另外留一个相机入口，到点就能开始拍，赶时间时也方便用。
N518,天气+电话,查询天气状况；拨打电话,weather_care_contact,night_market_vendor,天气突然变差，想问问家里情况。做个家人联络小组件，显示最新天气，有预警时别漏掉，同时把家人联系方式放上去，点一下就能拨号，最好一眼就能看明白。
N519,备忘录+相机,跳转到备忘录；跳转到相机界面,photo_trip_check,co_renting_young_adult,准备外拍，怕漏带东西，给我来个器材备忘卡片，把备忘中的注意事项放在一起，同时到地方后能快速打开相机，信息简单点就行。
N520,音乐+系统设置,模式切换（免打扰、睡眠、学习）；跳转到每日30首和收藏页面,music_focus_sleep,mobile_gamer,睡前不想继续刷手机，给我来个睡前音乐卡片，准备睡觉时少点几步就能安静下来，另外让我从卡片直接打开助眠音乐，别让我来回切应用。
N521,电池+运动健康,跳转到电池设置页面；跳转锻炼时长页,outdoor_sport_device_guard,college_exam_student,准备出去骑车，手机电量看着不多，想整一个户外设备小组件，把电量状态放在最显眼的位置，也保留详情入口，再显示今天的活动进度，点一下查看锻炼详情，我想少点几下。
N522,天气+相机,查询天气状况；跳转到相机界面,weather_photo_prep,urban_fashion_woman,今晚准备去做日落拍摄，想整一个外拍天气卡片，告诉我出门时是什么天气，有预警就提醒，再保留一个明显的拍摄入口。
N523,电话+导航,跳转去导航；拨打电话,arrival_contact_navigation,novice_driver,赶去公司开会，路上可能会晚，给我做个到达前联系卡片，需要出发时能直接打开公司路线，同时让我从卡片直接拨打联系人电话，操作尽量直接一点。
N524,电池+相机,跳转到电池设置页面；跳转到相机界面,shooting_battery_check,frequent_business_traveler,到现场后想直接开拍。帮我做个相机电量小组件，让我一眼看到电量，必要时能打开电池设置，同时让我少点几步就能进入相机，最好一眼就能看明白。
N525,电池+位置,跳转到电池设置页面,low_battery_safety_contact,delivery_ride_worker,弄个低电量位置卡片，手机快没电了，我还在外面，让我先确认手机还有多少电，也能进入电池设置，再显示我现在的位置，方便确认从哪里出发，最好一眼就能看明白。
N526,闹钟+系统设置,跳转闹钟；模式切换（免打扰、睡眠、学习）,bedtime_tomorrow_plan,gen_z_student,帮我做个闹钟模式小组件吧，晚上不想再被消息吵到，点一下就能打开明早的闹钟，另外保留睡眠模式切换，避免继续被消息打扰，信息简单点就行。
N527,日历+天气,查询日程；跳转日程；查询天气状况,schedule_weather_prep,field_sales_worker,周末要去外面参加培训会，给我做个行程天气卡片，把会议名称、开始时间和日程入口放在一起，另外看看当地天气、体感温度和会不会下雨，我想少点几下。
N528,日历+闹钟,查询日程；跳转日程；跳转闹钟,schedule_wakeup_check,teacher_trainer,明天第一项安排比较早。给我做个早起安排小组件，把接下来的安排和时间放在一起，点一下能看日程，另外显示最近的起床提醒，并能打开闹钟，把最重要的放前面。
N529,日历+电话,查询日程；跳转日程；拨打电话,schedule_quick_contact,office_worker,培训会快开始了，还没和对方确认，想要一个安排确认卡片，让我一眼看到会议标题和时间，点一下查看详情，另外需要改计划时能马上打电话说明，把最重要的放前面。
N530,天气+位置,查询天气状况,weather_location_shooting_decision,delivery_ride_worker,弄个当前位置天气卡片，出门办事时想判断周围天气，把当前位置作为后续安排的参考，同时显示现在的天气、体感和预警信息，把最重要的放前面。
N531,日历+天气,查询日程；跳转日程；查询天气状况,schedule_weather_prep,freelance_creator,下午要赶去客户那边。想要一个出门安排小组件，显示下一场会议和开始时间，需要时能打开日程，另外把当前天气和空气情况放上去，操作尽量直接一点。
N532,电池+位置,跳转到电池设置页面,low_battery_safety_contact,car_commuter,在陌生地方发现手机电量不多，想要一个外出安全小组件，显示手机电量和是否在充电，再显示当前位置，方便家里人知道我在哪。
N533,日历+导航,查询日程；跳转日程；跳转去导航,schedule_location_navigation,field_sales_worker,早会不能迟到，想早点看路线，想要一个日程导航卡片，让我先确认行程时间，点一下再看详情，同时把去公司的导航入口放上去，临时要用时别绕太多层。
N534,天气+电话,查询天气状况；拨打电话,weather_care_contact,night_market_vendor,弄个天气联系卡片，家里人今天要出门，把当前天气和预警信息放上去，另外留一个快速拨号入口，方便随时报平安，赶时间时也方便用。
N535,天气+电池,查询天气状况；跳转到电池设置页面,weather_battery_protect,delivery_ride_worker,极端天气出门前想检查设备，弄个设备保护小组件，先看看天气是不是适合按原计划出门，再让我一眼看到电量，必要时能打开电池设置，信息简单点就行。
N536,闹钟+音乐,跳转到每日30首和收藏页面；跳转闹钟,sleep_music_alarm,fitness_runner,午休前想放点舒缓音乐，给我做个音乐闹钟卡片，让我睡前能快速进入常听歌单，再把起床提醒和闹钟入口放在一起，临时要用时别绕太多层。
N537,天气+位置,查询天气状况,weather_location_shooting_decision,short_trip_errand_user,出门办事时想判断周围天气。给我做个户外决策小组件，让我先确认自己现在在哪儿，同时看看当地天气、体感温度和会不会下雨，别让我来回切应用。
N538,位置+导航,跳转去导航,current_location_navigation,novice_driver,想要一个当前位置卡片，到陌生地方后想确认返程路线，把出发位置和当前位置放在一起，同时点一下就能开始回家导航，我想少点几下。
N539,天气+电池,查询天气状况；跳转到电池设置页面,weather_battery_protect,night_market_vendor,高温天准备在外面待很久，来个设备保护小组件，显示最新天气，有预警时别漏掉，另外把当前电量、充电状态和电池入口放在一起，最好一眼就能看明白。
N540,位置+导航,跳转去导航,current_location_navigation,novice_driver,忙完手上的事，不想再找当前位置，帮我做个返程小组件，把出发位置和当前位置放在一起，另外需要返程时能直接打开回家导航，赶时间时也方便用。
N541,相机+导航,跳转到相机界面；跳转去导航,spot_shooting_return,short_trip_errand_user,活动跟拍结束后想直接回家。想要一个开拍回家卡片，准备好后点一下直接开相机，另外点一下就能开始回家导航，操作尽量直接一点。
N542,日历+运动健康,查询日程；跳转日程；跳转锻炼时长页,schedule_sport_readiness,internet_overtime_worker,周末晚上六点半约了游泳，给我做个锻炼计划卡片，让我先确认行程时间，点一下再看详情，同时显示步数、运动时间和消耗情况，操作尽量直接一点。
N543,日历+闹钟,查询日程；跳转日程；跳转闹钟,schedule_wakeup_check,teacher_trainer,给我做个早起安排小组件，周末一早有项目同步会，把接下来的安排和时间放在一起，点一下能看日程，另外把明早的闹钟入口放上去，点一下能查看，别让我来回切应用。
N544,电话+电池,跳转到电池设置页面；拨打电话,low_battery_safety_contact,car_commuter,晚上独自在外，手机续航有点悬。给我做个电量电话卡片，把电量状态放在最显眼的位置，也保留详情入口，同时紧急时能一键打给家里人，操作尽量直接一点。
N545,运动健康+系统设置,跳转锻炼时长页；开启专注免打扰开关；模式切换（免打扰、睡眠、学习）,sport_focus_mode,gen_z_student,进健身房后想专心练一会儿。帮我做个训练模式小组件吧，把本次运动时长和热量放在一起，另外需要安静时能马上切到免打扰模式，把最重要的放前面。
N546,相机+位置,跳转到相机界面,spot_shooting_return,short_trip_errand_user,帮我做个取景小组件，找到合适位置后想马上开拍，显示我此刻的位置，别让我手动再找，同时把相机入口放上去，适合时马上开拍，我想少点几下。
N547,日历+系统设置,查询日程；跳转日程；开启专注免打扰开关；模式切换（免打扰、睡眠、学习）,focus_before_meeting,senior_programmer,来个会议专注卡片，准备进会议室，不想再被消息打断，显示临近会议的名称和时间，并留一个日程入口，再让我少点几步就能开启专注，操作尽量直接一点。
N548,音乐+系统设置,跳转到每日30首和收藏页面,headset_music_shortcut,mobile_gamer,想整一个通勤听歌小组件，耳机刚拿出来，想马上放点音乐，把耳机是否在线放在最显眼的位置，另外让我运动时能快速进入常听音乐，我想少点几下。
N549,位置+导航,跳转去导航,current_location_navigation,novice_driver,到陌生地方后想确认返程路线，给我做个返程小组件，把出发位置和当前位置放在一起，另外显示当前位置后可以马上导航回家，我想少点几下。
N550,天气+位置,查询天气状况,weather_location_shooting_decision,delivery_ride_worker,出门办事时想判断周围天气，来个位置天气卡片，显示我现在的位置，方便确认从哪里出发，同时告诉我出门时是什么天气，有预警就提醒，别让我来回切应用。
N551,备忘录+电话,跳转到备忘录；拨打电话,memo_call_briefing,new_parent,准备给房东打电话确认事情。我想要一个电话备忘卡片，让我在联系对方前快速看一遍备忘，同时把联系人和拨号入口放在一起，别让我来回切应用。
N552,电话+位置,拨打电话,low_battery_safety_contact,forgetful_living_senior,到陌生地方后需要尽快联系家人，麻烦做个位置联络卡片，把当前位置作为后续安排的参考，同时保留一键联络，电量不多时少操作几步，信息简单点就行。
N553,天气+电池,查询天气状况；跳转到电池设置页面,weather_battery_protect,frequent_business_traveler,想要一个天气电量卡片，极端天气出门前想检查设备，告诉我天气是否会影响接下来的安排，再告诉我剩余电量，点一下再看电池详情，别让我来回切应用。
N554,位置+导航,跳转去导航,current_location_navigation,novice_driver,给我做个位置导航卡片，晚上结束工作准备回去，显示当前位置，方便家里人知道我在哪，另外从当前位置直接导航回家，别让我来回切应用。
N555,相机+位置,跳转到相机界面,spot_shooting_return,frequent_business_traveler,找到合适位置后想马上开拍。想要一个外拍位置卡片，把当前位置作为后续安排的参考，另外保留一个明显的拍摄入口，赶时间时也方便用。
N556,日历+电话,查询日程；跳转日程；拨打电话,schedule_quick_contact,office_worker,给我做个日程联系卡片，培训会快开始了，还没和对方确认，把会议安排和具体时间放上去，点一下能核对日程，同时需要改计划时能马上打电话说明，赶时间时也方便用。
N557,备忘录+导航,跳转到备忘录；跳转去导航,memo_location_navigation,freelance_creator,想要一个备忘导航小组件，跑完最后一个地点想直接返程，显示清单标题、内容和备忘录入口，同时需要返程时能直接打开回家导航，最好一眼就能看明白。
N558,导航+系统设置,跳转去导航；一键开启省电模式,low_battery_trip_guard,car_commuter,准备回家，想尽量少耗电。想要一个回家省电卡片，留一个明显的回家导航入口，同时电量紧张时能马上切到省电状态，别让我来回切应用。
N559,备忘录+运动健康,跳转到备忘录；跳转锻炼时长页,memo_sport_execution,young_chronic_medication_user,今天的训练计划还没做完。帮我做个训练执行卡片，把备忘里的待办和提醒时间带上，点一下能进备忘录，同时让我先确认今天练了多久，也能进入运动记录，我想少点几下。
N560,电池+位置,跳转到电池设置页面,low_battery_safety_contact,night_market_vendor,弄个低电量位置卡片，在陌生地方发现手机电量不多，让我一眼看到电量，必要时能打开电池设置，再显示我现在的位置，方便确认从哪里出发，信息简单点就行。
N561,备忘录+相机,跳转到备忘录；跳转到相机界面,photo_trip_check,co_renting_young_adult,出门做短视频拍摄前想过一遍器材清单，帮我做个拍摄清单卡片吧，显示清单标题、内容和备忘录入口，另外让我从卡片直接进入相机，把最重要的放前面。
N562,日历+闹钟,查询日程；跳转日程；跳转闹钟,schedule_wakeup_check,teacher_trainer,帮我做个日程闹钟卡片，怕睡过头耽误早上的事情，让我看清今天还有什么安排，也能打开日程，另外把闹钟入口留出来，方便确认明早时间，把最重要的放前面。
N563,电池+位置,跳转到电池设置页面,low_battery_safety_contact,car_commuter,给我做个外出安全小组件，在陌生地方发现手机电量不多，把电量状态放在最显眼的位置，也保留详情入口，再让我先确认自己现在在哪儿，临时要用时别绕太多层。
N564,运动健康+系统设置,跳转锻炼时长页；开启专注免打扰开关；模式切换（免打扰、睡眠、学习）,sport_focus_mode,fitness_runner,进健身房后想专心练一会儿，给我做个训练模式小组件，把运动时长和当前状态放上去，同时把专注模式入口放上去，开始前直接切换。
N565,相机+位置,跳转到相机界面,spot_shooting_return,short_trip_errand_user,帮我做个取景小组件，找到合适位置后想马上开拍，把出发位置和当前位置放在一起，同时让我从卡片直接进入相机，我想少点几下。
N566,日历+运动健康,查询日程；跳转日程；跳转锻炼时长页,schedule_sport_readiness,internet_overtime_worker,下班后计划运动，不确定今天练得够不够，想要一个锻炼计划卡片，把当天剩下的安排放上去，方便随时核对，再把本次运动时长和热量放在一起。
N567,音乐+系统设置,模式切换（免打扰、睡眠、学习）；跳转到每日30首和收藏页面,music_focus_sleep,mobile_gamer,晚上看完书准备休息。想整一个晚间音乐卡片，让我从卡片快速进入睡眠模式，同时把收藏里的轻音乐入口放上去，临时要用时别绕太多层。
N568,运动健康+音乐,跳转锻炼时长页；跳转到每日30首和收藏页面,sport_music_control,freelance_home_worker,健身时不想来回切应用。帮我做个运动音乐卡片，看看今天的运动状态和锻炼时长，点一下能看详情，另外点一下能直接进我收藏的歌单。
N569,电池+导航,跳转到电池设置页面；跳转去导航,low_battery_trip_guard,delivery_ride_worker,来个低电量返程卡片，在外面忙了一天，电量已经偏低，显示剩余电量和充电状态，点一下能看电池详情，同时让我少点几步就能导航回家，信息简单点就行。
N570,电话+位置,拨打电话,low_battery_safety_contact,forgetful_living_senior,晚上回去得晚，想先报个平安，我想要一个安全联系卡片，显示当前位置，方便家里人知道我在哪，另外让我不用翻通讯录就能联系家里，最好一眼就能看明白。
N571,天气+电池,查询天气状况；跳转到电池设置页面,weather_battery_protect,field_sales_worker,天气很冷，担心手机掉电快，给我做个设备保护小组件，天气变差时给我一个明显提醒，再让我一眼看到电量，必要时能打开电池设置，把最重要的放前面。
N572,电池+导航+系统设置,跳转到电池设置页面；跳转去导航；一键开启省电模式,low_battery_trip_guard,delivery_ride_worker,跑单结束准备返程，续航有点紧。做个低电量返程保障卡片，把电量状态放在最显眼的位置，也保留详情入口，再显示当前位置后可以马上导航回家，同时留一个省电开关，出门前可以直接打开，最好一眼就能看明白。
N573,闹钟+音乐,跳转到每日30首和收藏页面；跳转闹钟,sleep_music_alarm,coffee_regular,午休前想放点舒缓音乐，想整一个晚安小组件，把晚间常听的音乐放在顺手的位置，同时把起床提醒和闹钟入口放在一起，我想少点几下。
N574,备忘录+系统设置,跳转到备忘录；开启专注免打扰开关；模式切换（免打扰、睡眠、学习）,memo_focus_setup,office_worker,帮我做个待办专注卡片，今晚要把积压的事情收尾，显示备忘里的安排，并保留备忘录入口，另外把专注模式入口放上去，开始前直接切换，信息简单点就行。
N575,天气+位置,查询天气状况,weather_location_shooting_decision,night_market_vendor,到陌生地方后想先看当前位置和天气，弄个当前位置天气卡片，让我先确认自己现在在哪儿，同时看看当地天气、体感温度和会不会下雨，信息简单点就行。
N576,电池+位置,跳转到电池设置页面,low_battery_safety_contact,car_commuter,给我做个电量定位卡片，手机快没电了，我还在外面，把电量状态放在最显眼的位置，也保留详情入口，另外让我先确认自己现在在哪儿，赶时间时也方便用。
N577,日历+导航,查询日程；跳转日程；跳转去导航,schedule_location_navigation,freelance_creator,周末一早要去公司参加评审会，给我做个日程导航卡片，让我先确认行程时间，点一下再看详情，同时把当前位置到公司的路线入口放在一起，别让我来回切应用。
N578,日历+导航,查询日程；跳转日程；跳转去导航,schedule_location_navigation,field_sales_worker,今晚一早要去公司参加部门例会。给我做个日程导航卡片，显示下一项安排的名称、时间和日程入口，再留一个明显的公司导航入口，我想少点几下。
N579,运动健康+音乐,跳转锻炼时长页；跳转到每日30首和收藏页面,sport_music_control,freelance_home_worker,健身时不想来回切应用，给我做个锻炼音乐卡片，看看今天的运动状态和锻炼时长，点一下能看详情，再把常听歌单放上去，少翻几层页面，我想少点几下。
N580,天气+电池,查询天气状况；跳转到电池设置页面,weather_battery_protect,night_market_vendor,极端天气出门前想检查设备，做个出门状态卡片，让我先确认天气状况和风险提醒，再让我先确认手机还有多少电，也能进入电池设置，操作尽量直接一点。
N581,备忘录+闹钟,跳转到备忘录；跳具体的tab页（跳转世界时钟、秒表、计时器）,memo_timed_reminder,retired_senior,临时事情多，怕错过计时。请帮我做个定时待办小组件，显示备忘里的安排，并保留备忘录入口，再把计时器放在顺手的位置，把最重要的放前面。
N582,天气+相机,查询天气状况；跳转到相机界面,weather_photo_prep,urban_fashion_woman,准备出门取景，怕天气突然变。给我来个外拍天气卡片，把当前天气和空气情况放上去，另外点一下就能开相机，别让我现场再找，别让我来回切应用。
N583,电池+位置,跳转到电池设置页面,low_battery_safety_contact,car_commuter,想要一个外出安全小组件，返程前想看看电量和当前位置，把当前电量、充电状态和电池入口放在一起，再让我一眼看到当前所在地点，把最重要的放前面。
N584,日历+闹钟,查询日程；跳转日程；跳转闹钟,schedule_wakeup_check,teacher_trainer,怕睡过头耽误早上的事情。想要一个早起安排小组件，把明天的安排和提醒时间带上，同时把起床提醒和闹钟入口放在一起，我想少点几下。
N585,运动健康+音乐,跳转锻炼时长页；跳转到每日30首和收藏页面,sport_music_control,freelance_home_worker,准备去力量训练，想顺手放点常听的歌，帮我做个运动音乐卡片，显示步数、运动时间和消耗情况，另外把常听歌单放上去，少翻几层页面，临时要用时别绕太多层。
N586,电话+位置,拨打电话,low_battery_safety_contact,forgetful_living_senior,请帮我做个安全联系卡片，晚上回去得晚，想先报个平安，把出发位置和当前位置放在一起，另外紧急时能一键打给家里人，操作尽量直接一点。
N587,备忘录+相机,跳转到备忘录；跳转到相机界面,photo_trip_check,co_renting_young_adult,今天拍摄环节多，想少切几个应用，帮我做个拍摄清单卡片吧，把出门前要带的东西列出来，也能打开备忘录，同时到地方后能快速打开相机，赶时间时也方便用。
N588,运动健康+音乐,跳转锻炼时长页；跳转到每日30首和收藏页面,sport_music_control,freelance_home_worker,想要一个训练听歌小组件，开始运动前想先确认状态，先看看今天的训练记录，再决定下一步，同时点一下打开每日推荐或收藏歌单，操作尽量直接一点。
N589,电池+位置,跳转到电池设置页面,low_battery_safety_contact,frequent_business_traveler,手机快没电了，我还在外面，想要一个低电量位置卡片，把当前电量、充电状态和电池入口放在一起，另外把出发位置和当前位置放在一起，操作尽量直接一点。
N590,日历+天气,查询日程；跳转日程；查询天气状况,schedule_weather_prep,freelance_creator,帮我做个日程天气卡片，明早有个不能迟到的安排，把会议名称、开始时间和日程入口放在一起，再把当前天气和空气情况放上去，操作尽量直接一点。
N591,闹钟+系统设置,跳转闹钟；模式切换（免打扰、睡眠、学习）,bedtime_tomorrow_plan,gen_z_student,最近总是睡前忘记切模式。帮我做个睡前设置卡片吧，点一下就能打开明早的闹钟，同时把睡眠模式入口放上去，操作尽量直接一点。
N592,音乐+系统设置,跳转到每日30首和收藏页面,headset_music_shortcut,mobile_gamer,通勤路上刚戴上耳机。给我来个耳机音乐卡片，让我一眼确认蓝牙耳机是否已连接，另外留一个常听歌单入口，戴上耳机就能打开，临时要用时别绕太多层。
N593,备忘录+运动健康,跳转到备忘录；跳转锻炼时长页,memo_sport_execution,young_chronic_medication_user,最近想按计划把运动坚持下来。给我做个锻炼清单卡片，显示备忘内容和最近提醒，方便继续处理，再显示步数、运动时间和消耗情况，我想少点几下。
N594,音乐+系统设置,模式切换（免打扰、睡眠、学习）；跳转到每日30首和收藏页面,music_focus_sleep,mobile_gamer,帮我做个助眠小组件吧，午休前想听点轻松的，把晚间模式入口放在顺手的位置，再保留一个睡前歌单入口，我想少点几下。
N595,电话+导航,跳转去导航；拨打电话,arrival_contact_navigation,novice_driver,快到出发时间，还需要联系对方。想要一个出发联络小组件，留一个明显的公司导航入口，同时点一下就能联系对方，不用再翻通讯录，别让我来回切应用。
N596,闹钟+运动健康,跳转睡眠页；跳转闹钟,sleep_alarm_adjust,retired_senior,我想要一个作息调整小组件，昨晚睡得有点晚，明早还得早起，显示昨晚睡了多久，点一下能看睡眠详情，同时让我顺手核对起床闹钟，别让我来回切应用。
N597,日历+相机,查询日程；跳转日程；跳转到相机界面,spot_shooting_return,college_exam_student,周末晚上六点半有一场探店拍摄。给我来个摄影安排卡片，让我看清今天还有什么安排，也能打开日程，再留一个相机入口，到点就能开始拍，别让我来回切应用。
N598,运动健康+音乐,跳转锻炼时长页；跳转到每日30首和收藏页面,sport_music_control,freelance_home_worker,今天训练想配个熟悉的歌单，想要一个运动音乐卡片，显示今天的活动进度，点一下查看锻炼详情，再保留一个音乐入口，随手就能打开，最好一眼就能看明白。
N599,日历+电话,查询日程；跳转日程；拨打电话,schedule_quick_contact,office_worker,给我做个会议联络小组件，项目同步会快开始了，还没和对方确认，让我一眼看到会议标题和时间，点一下查看详情，另外让我从卡片直接拨打联系人电话，操作尽量直接一点。
N600,天气+相机,查询天气状况；跳转到相机界面,weather_photo_prep,urban_fashion_woman,准备出门取景，怕天气突然变。给我来个外拍天气卡片，告诉我出门时是什么天气，有预警就提醒，同时点一下就能开相机，别让我现场再找，临时要用时别绕太多层。
N601,备忘录+相机,跳转到备忘录；跳转到相机界面,photo_trip_check,co_renting_young_adult,给我来个拍摄清单卡片，今天拍摄环节多，想少切几个应用，先告诉我清单还缺什么，点一下看详情，同时准备好后点一下直接开相机，最好一眼就能看明白。
N602,闹钟+系统设置,跳转闹钟；模式切换（免打扰、睡眠、学习）,bedtime_tomorrow_plan,gen_z_student,帮我做个闹钟模式小组件吧，明天要早起，想把睡前设置一次弄好，显示最近的起床提醒，并能打开闹钟，另外准备休息时能直接切到睡眠模式。
N603,闹钟+运动健康,跳转睡眠页；跳转闹钟,sleep_alarm_adjust,young_chronic_medication_user,想要一个睡眠闹钟卡片，明天有早安排，想先核对睡眠和闹钟，把昨晚的睡眠结果和详情入口放在一起，另外把起床提醒和闹钟入口放在一起，操作尽量直接一点。
N604,运动健康+系统设置,跳转锻炼时长页；开启专注免打扰开关；模式切换（免打扰、睡眠、学习）,sport_focus_mode,fitness_runner,今晚训练安排比较紧，帮我做个训练模式小组件，先看看今天的训练记录，再决定下一步，再需要安静时能马上切到免打扰模式，操作尽量直接一点。
N605,相机+位置+导航,跳转到相机界面；跳转去导航,spot_shooting_return,short_trip_errand_user,想要一个外拍返程卡片，在陌生地方做完探店拍摄就准备回家，让我一眼看到当前所在地点，同时让我从卡片直接进入相机，另外显示当前位置后可以马上导航回家，操作尽量直接一点。
N606,电池+位置,跳转到电池设置页面,low_battery_safety_contact,delivery_ride_worker,手机快没电了，我还在外面。弄个低电量位置卡片，把当前电量、充电状态和电池入口放在一起，同时让我一眼看到当前所在地点，临时要用时别绕太多层。
N607,备忘录+运动健康,跳转到备忘录；跳转锻炼时长页,memo_sport_execution,young_chronic_medication_user,想要一个训练执行卡片，最近想按计划把运动坚持下来，让我看清剩下的待办，需要时能进备忘录，再把本次运动时长和热量放在一起，把最重要的放前面。
N608,日历+天气,查询日程；跳转日程；查询天气状况,schedule_weather_prep,field_sales_worker,下午要赶去客户那边。帮我做个出门安排小组件，显示下一场会议和开始时间，需要时能打开日程，另外把当前天气和空气情况放上去，信息简单点就行。
N609,运动健康+音乐,跳转锻炼时长页；跳转到每日30首和收藏页面,sport_music_control,freelance_home_worker,健身时不想来回切应用。帮我做个训练听歌小组件，让我快速看运动数据和完成情况，同时点一下打开每日推荐或收藏歌单，临时要用时别绕太多层。
N610,运动健康+音乐,跳转锻炼时长页；跳转到每日30首和收藏页面,sport_music_control,freelance_home_worker,开始运动前想先确认状态，帮我做个训练听歌小组件，让我快速看运动数据和完成情况，另外点一下打开每日推荐或收藏歌单，临时要用时别绕太多层。
N611,运动健康+音乐,跳转锻炼时长页；跳转到每日30首和收藏页面,sport_music_control,coffee_regular,想整一个训练听歌小组件，准备去夜跑，想顺手放点常听的歌，把运动时长和当前状态放上去，再留一个常听歌单入口，戴上耳机就能打开。
N612,电话+电池,跳转到电池设置页面；拨打电话,low_battery_safety_contact,frequent_business_traveler,给我做个低电量联络卡片，晚上独自在外，手机续航有点悬，先看看手机还剩多少电，再决定后面的安排，同时让我能从卡片马上联系家里人，赶时间时也方便用。
N613,运动健康+音乐,跳转锻炼时长页；跳转到每日30首和收藏页面,sport_music_control,coffee_regular,给我来个运动音乐卡片，开始运动前想先确认状态，先看看今天的训练记录，再决定下一步，同时留一个常听歌单入口，戴上耳机就能打开，把最重要的放前面。
N614,日历+运动健康,查询日程；跳转日程；跳转锻炼时长页,schedule_sport_readiness,internet_overtime_worker,想要一个训练日程小组件，晚上有训练安排，想先看看今天状态，让我先确认行程时间，点一下再看详情，同时让我先确认今天练了多久，也能进入运动记录，把最重要的放前面。
N615,运动健康+音乐,跳转锻炼时长页；跳转到每日30首和收藏页面,sport_music_control,freelance_home_worker,今天训练想配个熟悉的歌单。给我做个锻炼音乐卡片，看看今天的运动状态和锻炼时长，点一下能看详情，再让我从卡片直接进入收藏音乐，信息简单点就行。
N616,闹钟+音乐,跳转到每日30首和收藏页面；跳转闹钟,sleep_music_alarm,gen_z_student,明早要早起，今晚想早点休息。想整一个音乐闹钟卡片，把收藏里的轻音乐入口放上去，再把起床提醒和闹钟入口放在一起，别让我来回切应用。
N617,闹钟+系统设置,跳转闹钟；模式切换（免打扰、睡眠、学习）,bedtime_tomorrow_plan,fitness_runner,给我做个睡前设置卡片，晚上不想再被消息吵到，让我看完安排后能直接去看闹钟，另外准备睡觉时少点几步就能安静下来，赶时间时也方便用。
N618,天气+位置,查询天气状况,weather_location_shooting_decision,short_trip_errand_user,到陌生地方后想先看当前位置和天气。帮我做个户外决策小组件，显示我现在的位置，方便确认从哪里出发，同时告诉我出门时是什么天气，有预警就提醒，信息简单点就行。
N619,闹钟+运动健康,跳转睡眠页；跳转闹钟,sleep_alarm_adjust,retired_senior,我想要一个睡眠闹钟卡片，明天有早安排，想先核对睡眠和闹钟，显示昨晚睡了多久，点一下能看睡眠详情，再把明早的闹钟入口放上去，点一下能查看，我想少点几下。
N620,备忘录+电话,跳转到备忘录；拨打电话,memo_call_briefing,new_parent,有件事要联系对方，怕漏掉重点，请帮我做个电话备忘卡片，让我先过一遍记录的重点，也能打开备忘录，另外留一个一键联系入口，方便马上沟通，我想少点几下。
N621,日历+系统设置,查询日程；跳转日程；开启专注免打扰开关；模式切换（免打扰、睡眠、学习）,focus_before_meeting,senior_programmer,来个日程专注卡片，下一场客户会快开始了，显示临近会议的名称和时间，并留一个日程入口，另外把模式切换放在顺手的位置，信息简单点就行。
N622,天气+相机,查询天气状况；跳转到相机界面,weather_photo_prep,urban_fashion_woman,周末约了外拍，帮我做个摄影准备小组件吧，先看看天气是否适合在外面待一阵，再点一下就能开相机，别让我现场再找，最好一眼就能看明白。
N623,天气+电池+相机,跳转到电池设置页面；查询天气状况；跳转到相机界面,extreme_weather_shooting_guard,frequent_business_traveler,准备户外开拍，天气和电量都不太稳。给我做个开拍保障小组件，让我一眼看到电量，必要时能打开电池设置，再把天气现象、体感和预警放在一起，同时让我少点几步就能进入相机。
N624,相机+位置,跳转到相机界面,spot_shooting_return,freelance_creator,在外面看到不错的取景点。给我做个外拍位置卡片，显示我此刻的位置，别让我手动再找，同时到地方后能快速打开相机，操作尽量直接一点。
N625,备忘录+导航,跳转到备忘录；跳转去导航,memo_location_navigation,freelance_creator,想要一个办事返程卡片，外出办完事准备回家，让我核对清单还有什么没准备，另外让我从卡片直接开始返程导航，信息简单点就行。
N626,位置+导航,跳转去导航,current_location_navigation,novice_driver,想要一个返程小组件，晚上结束工作准备回去，把出发位置和当前位置放在一起，再显示当前位置后可以马上导航回家，操作尽量直接一点。
N627,日历+系统设置,查询日程；跳转日程；开启专注免打扰开关；模式切换（免打扰、睡眠、学习）,focus_before_meeting,senior_programmer,准备进会议室，不想再被消息打断，来个会议专注卡片，把接下来的会议时间列出来，也保留日程入口，同时让我少点几步就能开启专注，别让我来回切应用。
N628,电池+导航,跳转到电池设置页面；跳转去导航,low_battery_trip_guard,night_market_vendor,晚上准备回家，担心导航中途没电，做个续航导航小组件，先看看手机还剩多少电，再决定后面的安排，再显示当前位置后可以马上导航回家。
N629,天气+相机,查询天气状况；跳转到相机界面,weather_photo_prep,urban_fashion_woman,准备出门取景，怕天气突然变。给我来个摄影准备小组件，先看看天气是否适合在外面待一阵，同时到地方后能快速打开相机，我想少点几下。
N630,闹钟+运动健康,跳转睡眠页；跳转闹钟,sleep_alarm_adjust,retired_senior,昨晚睡得有点晚，明早还得早起，请帮我做个作息调整小组件，让我快速确认最近睡得怎么样，另外把闹钟入口留出来，方便确认明早时间，别让我来回切应用。
N631,备忘录+闹钟,跳转到备忘录；跳具体的tab页（跳转世界时钟、秒表、计时器）,pet_fed_tracker,new_parent,出门后突然想不起宠物喂过没有，麻烦做个喂食提醒小组件，显示最近一次喂食记录和备注，再点一下能打开计时器查看剩余时间，临时要用时别绕太多层。
N632,电话+导航,跳转去导航；拨打电话,arrival_contact_navigation,novice_driver,赶去公司开会，路上可能会晚，帮我做个到达前联系卡片，需要出发时能直接打开公司路线，再点一下就能联系对方，不用再翻通讯录，别让我来回切应用。
N633,天气+电话,查询天气状况；拨打电话,weather_care_contact,night_market_vendor,天气突然变差，想问问家里情况。来个天气联系卡片，让我先确认天气状况和风险提醒，再把常用联系人和拨号入口放在一起，把最重要的放前面。
N634,电话+导航,跳转去导航；拨打电话,arrival_contact_navigation,car_commuter,帮我做个到达前联系卡片，准备去公司见客户，让我从当前位置马上开始去公司导航，同时保留快速联系按钮，临时有事能及时沟通。
N635,日历+闹钟,查询日程；跳转日程；跳转闹钟,schedule_wakeup_check,teacher_trainer,今天一早有项目同步会。想要一个日程闹钟卡片，显示下一项安排的名称、时间和日程入口，另外让我看完安排后能直接去看闹钟，临时要用时别绕太多层。
N636,电池+位置,跳转到电池设置页面,low_battery_safety_contact,delivery_ride_worker,跑单途中电量偏低，想先确认自己位置。弄个低电量位置卡片，把当前电量、充电状态和电池入口放在一起，再显示我此刻的位置，别让我手动再找，我想少点几下。
N637,天气+电池,查询天气状况；跳转到电池设置页面,weather_battery_protect,field_sales_worker,天气很冷，担心手机掉电快，帮我做个出门状态卡片，告诉我天气是否会影响接下来的安排，同时把当前电量、充电状态和电池入口放在一起，临时要用时别绕太多层。
N638,运动健康+音乐,跳转锻炼时长页；跳转到每日30首和收藏页面,sport_music_control,freelance_home_worker,健身时不想来回切应用。想要一个训练听歌小组件，看看今天的运动状态和锻炼时长，点一下能看详情，再让我运动时能快速进入常听音乐，我想少点几下。
N639,电话+导航,跳转去导航；拨打电话,arrival_contact_navigation,novice_driver,赶去公司开会，路上可能会晚，给我做个导航联系卡片，让我从当前位置马上开始去公司导航，另外让我确认联系人后直接拨过去，最好一眼就能看明白。
N640,音乐+系统设置,模式切换（免打扰、睡眠、学习）；跳转到每日30首和收藏页面,music_focus_sleep,mobile_gamer,午休前想听点轻松的。帮我做个助眠小组件吧，让我从卡片快速进入睡眠模式，另外点一下进入收藏歌单，不用再找音乐，我想少点几下。
N641,日历+运动健康,查询日程；跳转日程；跳转锻炼时长页,schedule_sport_readiness,internet_overtime_worker,周末晚上六点半约了游泳，帮我做个训练日程小组件，把接下来的安排和时间放在一起，点一下能看日程，同时把运动时长和当前状态放上去，我想少点几下。
N642,电话+位置,拨打电话,low_battery_safety_contact,forgetful_living_senior,到陌生地方后需要尽快联系家人。我想要一个安全联系卡片，显示我此刻的位置，别让我手动再找，另外需要帮助时能直接给家人打电话，我想少点几下。
N643,天气+电话,查询天气状况；拨打电话,weather_care_contact,frequent_business_traveler,天气突然变差，想问问家里情况，想要一个天气联系卡片，显示会不会下雨，有恶劣天气就标出来，另外把常用联系人和拨号入口放在一起，我想少点几下。
N644,日历+系统设置,查询日程；跳转日程；开启专注免打扰开关；模式切换（免打扰、睡眠、学习）,focus_before_meeting,senior_programmer,来个会前小组件，准备进会议室，不想再被消息打断，显示下一场会议和开始时间，需要时能打开日程，另外需要安静时能马上切到免打扰模式，把最重要的放前面。
N645,天气+电池,查询天气状况；跳转到电池设置页面,weather_battery_protect,delivery_ride_worker,弄个天气电量卡片，下雨天要长时间用手机，显示最新天气，有预警时别漏掉，先看看手机还剩多少电，再决定后面的安排，最好一眼就能看明白。
N646,电话+导航,跳转去导航；拨打电话,arrival_contact_navigation,car_commuter,去公司前想把路线和联系人放一起。想要一个到达前联系卡片，点一下直接进入去公司的导航，再留一个一键联系入口，方便马上沟通，赶时间时也方便用。
N647,天气+备忘录,跳转到备忘录；查询天气状况,trip_luggage_weather,newlywed_household_manager,准备短途出行，怕漏带东西，帮我做个行李天气小组件，显示备忘里的重点项目和未完成项，同时看看当地天气、体感温度和会不会下雨，操作尽量直接一点。
N648,电话+电池,跳转到电池设置页面；拨打电话,low_battery_safety_contact,car_commuter,帮我做个电量电话卡片，手机电量不多了，还在外面，显示剩余电量和充电状态，点一下能看电池详情，另外让我能从卡片马上联系家里人，最好一眼就能看明白。
N649,相机+导航,跳转到相机界面；跳转去导航,spot_shooting_return,short_trip_errand_user,准备在外面拍一会儿，结束后直接回去。给我做个开拍回家卡片，让我少点几步就能进入相机，再从当前位置直接导航回家。
N650,电话+位置,拨打电话,low_battery_safety_contact,forgetful_living_senior,到陌生地方后需要尽快联系家人。我想要一个位置联络卡片，显示我现在的位置，方便确认从哪里出发，同时把常用联系人和拨号入口放在一起。
N651,电话+导航,跳转去导航；拨打电话,arrival_contact_navigation,novice_driver,想要一个出发联络小组件，赶去公司开会，路上可能会晚，把当前位置到公司的路线入口放在一起，再留一个一键联系入口，方便马上沟通，最好一眼就能看明白。
N652,闹钟+音乐,跳转到每日30首和收藏页面；跳转闹钟,sleep_music_alarm,coffee_regular,明早要早起，今晚想早点休息，给我来个晚安小组件，保留一个睡前歌单入口，同时点一下就能打开明早的闹钟，临时要用时别绕太多层。
N653,电池+相机,跳转到电池设置页面；跳转到相机界面,shooting_battery_check,college_exam_student,出门拍摄前发现电量一般，帮我做个相机电量小组件吧，先看看手机还剩多少电，再决定后面的安排，再把相机入口放上去，适合时马上开拍，最好一眼就能看明白。
N654,电话+位置,拨打电话,low_battery_safety_contact,forgetful_living_senior,临时换了位置，准备和家里说一声，麻烦做个安全联系卡片，把当前位置作为后续安排的参考，同时紧急时能一键打给家里人，临时要用时别绕太多层。
N655,运动健康+音乐,跳转锻炼时长页；跳转到每日30首和收藏页面,sport_music_control,fitness_runner,今天训练想配个熟悉的歌单，给我做个训练听歌小组件，把运动时长和当前状态放上去，同时把收藏歌单入口放在最顺手的位置，信息简单点就行。
N656,运动健康+系统设置,跳转锻炼时长页；开启专注免打扰开关；模式切换（免打扰、睡眠、学习）,sport_focus_mode,gen_z_student,今晚训练安排比较紧。想整一个锻炼状态卡片，显示今天的活动进度，点一下查看锻炼详情，再把模式切换放在顺手的位置，临时要用时别绕太多层。
N657,备忘录+电话,跳转到备忘录；拨打电话,memo_call_briefing,new_parent,准备给房东打电话确认事情，麻烦做个沟通准备小组件，显示备忘中的重点，避免临时忘词，另外点一下就能联系对方，不用再翻通讯录，最好一眼就能看明白。
N658,音乐+系统设置,跳转到每日30首和收藏页面,headset_music_shortcut,mobile_gamer,给我来个通勤听歌小组件，通勤路上刚戴上耳机，先看看耳机有没有连接成功，同时把收藏歌单入口放在最顺手的位置，赶时间时也方便用。
N659,备忘录+相机,跳转到备忘录；跳转到相机界面,photo_trip_check,co_renting_young_adult,准备外拍，怕漏带东西。帮我做个器材备忘卡片吧，把备忘中的注意事项放在一起，同时让我从卡片直接进入相机，信息简单点就行。
N660,音乐+系统设置,跳转到每日30首和收藏页面,headset_music_shortcut,internet_overtime_worker,上车后不想再翻手机，想要一个通勤听歌小组件，先告诉我耳机有没有连上，另外保留一个音乐入口，随手就能打开，赶时间时也方便用。
N661,音乐+系统设置,跳转到每日30首和收藏页面,headset_music_shortcut,fitness_runner,耳机刚拿出来，想马上放点音乐，帮我做个耳机音乐卡片，把耳机是否在线放在最显眼的位置，再让我从卡片直接进入收藏音乐。
N662,备忘录+运动健康,跳转到备忘录；跳转锻炼时长页,memo_sport_execution,young_chronic_medication_user,下班后准备完成训练清单。想要一个锻炼清单卡片，让我核对还没完成的事项，也能打开备忘录，先看看今天的训练记录，再决定下一步。
N663,备忘录+运动健康,跳转到备忘录；跳转锻炼时长页,memo_sport_execution,retired_senior,照着备忘去锻炼时总要来回切应用，麻烦做个训练执行卡片，先列出备忘里的重点事项和提醒时间，再把本次运动时长和热量放在一起。
N664,电池+位置,跳转到电池设置页面,low_battery_safety_contact,night_market_vendor,手机快没电了，我还在外面。弄个电量定位卡片，先看看手机还剩多少电，再决定后面的安排，同时把当前位置作为后续安排的参考。
N665,相机+位置,跳转到相机界面,spot_shooting_return,short_trip_errand_user,在外面看到不错的取景点。想要一个位置拍摄卡片，显示我此刻的位置，别让我手动再找，再到地方后能快速打开相机。
N666,电池+相机,跳转到电池设置页面；跳转到相机界面,shooting_battery_check,college_exam_student,想整一个相机电量小组件，马上要开始活动跟拍，把电量状态放在最显眼的位置，也保留详情入口，另外让我少点几步就能进入相机，信息简单点就行。
N667,备忘录+闹钟,跳转到备忘录；跳具体的tab页（跳转世界时钟、秒表、计时器）,pet_fed_tracker,new_parent,晚上回家要核对宠物照护记录。请帮我做个宠物照护卡片，把宠物照护记录和提醒放在一起，另外需要倒计时时能少点几步，操作尽量直接一点。
N668,日历+系统设置,查询日程；跳转日程；开启专注免打扰开关；模式切换（免打扰、睡眠、学习）,focus_before_meeting,senior_programmer,准备进会议室，不想再被消息打断，弄个会前小组件，让我一眼看到会议标题和时间，点一下查看详情，同时需要安静时能马上切到免打扰模式。
N669,备忘录+相机,跳转到备忘录；跳转到相机界面,photo_trip_check,co_renting_young_adult,今天拍摄环节多，想少切几个应用。想整一个拍摄清单卡片，让我核对清单还有什么没准备，另外留一个相机入口，到点就能开始拍，最好一眼就能看明白。
N670,备忘录+闹钟,跳转到备忘录；跳具体的tab页（跳转世界时钟、秒表、计时器）,pet_fed_tracker,young_chronic_medication_user,想要一个宠物记录卡片，准备给猫添粮，又怕重复喂，显示备忘里的喂食情况，别让我重复喂，同时到点前让我能快速进入计时器，临时要用时别绕太多层。
N671,电池+导航,跳转到电池设置页面；跳转去导航,low_battery_trip_guard,delivery_ride_worker,来个回家电量卡片，在外面忙了一天，电量已经偏低，显示剩余电量和充电状态，点一下能看电池详情，再让我从卡片直接开始返程导航，信息简单点就行。
N672,相机+位置,跳转到相机界面,spot_shooting_return,short_trip_errand_user,给我做个外拍位置卡片，在外面看到不错的取景点，显示我现在的位置，方便确认从哪里出发，同时留一个相机入口，到点就能开始拍，最好一眼就能看明白。
N673,电话+位置,拨打电话,low_battery_safety_contact,forgetful_living_senior,一个人在外面，想让家里知道位置，请帮我做个安全联系卡片，让我先确认自己现在在哪儿，再把家人联系方式放上去，点一下就能拨号，临时要用时别绕太多层。
N674,备忘录+运动健康,跳转到备忘录；跳转锻炼时长页,memo_sport_execution,retired_senior,照着备忘去锻炼时总要来回切应用。请帮我做个训练执行卡片，显示备忘里的安排，并保留备忘录入口，另外先看看今天的训练记录，再决定下一步，把最重要的放前面。
N675,电话+位置,拨打电话,low_battery_safety_contact,forgetful_living_senior,请帮我做个位置联络卡片，一个人在外面，想让家里知道位置，把当前位置作为后续安排的参考，再紧急时能一键打给家里人，把最重要的放前面。
N676,闹钟+音乐,跳转到每日30首和收藏页面；跳转闹钟,sleep_music_alarm,coffee_regular,加班结束后脑子还停不下来。想整一个音乐闹钟卡片，点一下进入收藏歌单，不用再找音乐，另外把明早的闹钟入口放上去，点一下能查看，操作尽量直接一点。
N677,电池+运动健康,跳转到电池设置页面；跳转锻炼时长页,outdoor_sport_device_guard,college_exam_student,户外训练时间会比较长，帮我做个运动续航卡片吧，告诉我剩余电量，点一下再看电池详情，再看看今天的运动状态和锻炼时长，点一下能看详情。
N678,电池+运动健康,跳转到电池设置页面；跳转锻炼时长页,outdoor_sport_device_guard,college_exam_student,准备开始运动，怕手机中途没电，给我来个训练电量卡片，把电量状态放在最显眼的位置，也保留详情入口，同时把本次运动时长和热量放在一起，我想少点几下。
N679,音乐+系统设置,模式切换（免打扰、睡眠、学习）；跳转到每日30首和收藏页面,music_focus_sleep,gen_z_student,睡前不想继续刷手机。给我来个晚间音乐卡片，保留睡眠模式切换，避免继续被消息打扰，同时点一下进入收藏歌单，不用再找音乐，最好一眼就能看明白。
N680,备忘录+闹钟,跳转到备忘录；跳具体的tab页（跳转世界时钟、秒表、计时器）,pet_fed_tracker,new_parent,晚上回家要核对宠物照护记录。麻烦做个喂食提醒小组件，把宠物照护记录和提醒放在一起，再让我从卡片直接进入计时器，临时要用时别绕太多层。
N681,电池+相机,跳转到电池设置页面；跳转到相机界面,shooting_battery_check,frequent_business_traveler,给我做个相机电量小组件，马上要开始日落拍摄，让我先确认手机还有多少电，也能进入电池设置，再把相机入口放上去，适合时马上开拍，把最重要的放前面。
N682,音乐+系统设置,模式切换（免打扰、睡眠、学习）；跳转到每日30首和收藏页面,music_focus_sleep,mobile_gamer,帮我做个助眠小组件吧，睡前不想继续刷手机，保留睡眠模式切换，避免继续被消息打扰，再留一个舒缓音乐入口，准备休息时直接打开，信息简单点就行。
N683,闹钟+运动健康,跳转睡眠页；跳转闹钟,sleep_alarm_adjust,young_chronic_medication_user,准备睡觉前想看看最近休息情况。想要一个早起睡眠卡片，显示睡眠时长和综合状态，同时把起床提醒和闹钟入口放在一起，把最重要的放前面。
N684,日历+运动健康,查询日程；跳转日程；跳转锻炼时长页,schedule_sport_readiness,internet_overtime_worker,下班后计划运动，不确定今天练得够不够，想要一个运动安排卡片，让我先确认行程时间，点一下再看详情，同时让我先确认今天练了多久，也能进入运动记录，别让我来回切应用。
N685,电池+运动健康,跳转到电池设置页面；跳转锻炼时长页,outdoor_sport_device_guard,college_exam_student,给我来个户外设备小组件，户外训练时间会比较长，告诉我剩余电量，点一下再看电池详情，再显示今天的活动进度，点一下查看锻炼详情，赶时间时也方便用。
N686,电话+导航,跳转去导航；拨打电话,arrival_contact_navigation,novice_driver,给我做个到达前联系卡片，准备去公司见客户，需要出发时能直接打开公司路线，再需要时能直接给对方打电话，操作尽量直接一点。
N687,音乐+系统设置,跳转到每日30首和收藏页面,headset_music_shortcut,fitness_runner,耳机刚拿出来，想马上放点音乐。想要一个耳机音乐卡片，显示耳机连接状态和剩余电量，另外点一下打开每日推荐或收藏歌单，我想少点几下。
N688,备忘录+闹钟,跳转到备忘录；跳具体的tab页（跳转世界时钟、秒表、计时器）,memo_timed_reminder,new_parent,做饭和洗衣要同时盯着。我想要一个备忘计时卡片，让我核对还没完成的事项，也能打开备忘录，再让我从卡片直接进入计时器，最好一眼就能看明白。
N689,日历+导航,查询日程；跳转日程；跳转去导航,schedule_location_navigation,field_sales_worker,帮我做个出发安排卡片，今天一早要去公司参加项目同步会，把当天剩下的安排放上去，方便随时核对，再点一下能直接导航去公司，赶时间时也方便用。
N690,备忘录+运动健康,跳转到备忘录；跳转锻炼时长页,memo_sport_execution,retired_senior,照着备忘去锻炼时总要来回切应用。我想要一个运动待办小组件，把今天要做的事放上去，点一下查看备忘详情，另外显示今天的活动进度，点一下查看锻炼详情，信息简单点就行。
N691,闹钟+运动健康,跳转睡眠页；跳转闹钟,sleep_alarm_adjust,young_chronic_medication_user,最近总觉得没睡够。给我做个早起睡眠卡片，让我快速确认最近睡得怎么样，另外让我快速确认闹钟有没有设好，操作尽量直接一点。
N692,闹钟+音乐,跳转到每日30首和收藏页面；跳转闹钟,sleep_music_alarm,coffee_regular,帮我做个音乐闹钟卡片吧，晚上想听点轻松的早点睡，让我睡前能快速进入常听歌单，再让我快速确认闹钟有没有设好，别让我来回切应用。
N693,相机+位置,跳转到相机界面,spot_shooting_return,freelance_creator,走到陌生街区想随手拍一下。想要一个取景小组件，让我一眼看到当前所在地点，再把相机入口放上去，适合时马上开拍，把最重要的放前面。
N694,日历+系统设置,查询日程；跳转日程；开启专注免打扰开关；模式切换（免打扰、睡眠、学习）,focus_before_meeting,senior_programmer,准备进会议室，不想再被消息打断。来个日程专注卡片，让我一眼看到会议标题和时间，点一下查看详情，另外把模式切换放在顺手的位置，把最重要的放前面。
N695,电池+系统设置,跳转到电池设置页面；一键开启省电模式,low_battery_outdoor,senior_programmer,去机场前想先确认续航。弄个续航提醒卡片，显示手机电量和是否在充电，再需要续航时能从卡片开启省电，信息简单点就行。
N696,音乐+系统设置,模式切换（免打扰、睡眠、学习）；跳转到每日30首和收藏页面,music_focus_sleep,gen_z_student,想整一个助眠小组件，加班结束想早点安静下来，把睡眠模式入口放上去，另外留一个舒缓音乐入口，准备休息时直接打开，别让我来回切应用。
N697,电池+位置,跳转到电池设置页面,low_battery_safety_contact,car_commuter,返程前想看看电量和当前位置，帮我做个低电量位置卡片，让我先确认手机还有多少电，也能进入电池设置，同时把当前位置作为后续安排的参考。
N698,电池+系统设置,跳转到电池设置页面；一键开启省电模式,low_battery_outdoor,senior_programmer,准备开始跑单，手机还没充满，来个续航提醒卡片，告诉我剩余电量，点一下再看电池详情，同时电量不够时能一键开启省电模式，我想少点几下。
N699,电话+位置,拨打电话,low_battery_safety_contact,forgetful_living_senior,临时换了位置，准备和家里说一声。请帮我做个安全联系卡片，让我一眼看到当前所在地点，同时保留一键联络，电量不多时少操作几步，赶时间时也方便用。
N700,天气+电话,查询天气状况；拨打电话,weather_care_contact,field_sales_worker,家里人今天要出门，帮我做个天气关怀卡片，天气变差时给我一个明显提醒，再留一个快速拨号入口，方便随时报平安，我想少点几下。
N701,备忘录+闹钟,跳转到备忘录；跳具体的tab页（跳转世界时钟、秒表、计时器）,memo_timed_reminder,new_parent,我想要一个事项提醒卡片，临时事情多，怕错过计时，先列出备忘里的重点事项和提醒时间，再把计时器放在顺手的位置，操作尽量直接一点。
N702,位置+导航,跳转去导航,current_location_navigation,delivery_ride_worker,晚上结束工作准备回去，来个位置导航卡片，把当前位置作为后续安排的参考，再让我从卡片直接开始返程导航。
N703,备忘录+系统设置,跳转到备忘录；开启专注免打扰开关；模式切换（免打扰、睡眠、学习）,memo_focus_setup,office_worker,今晚要把积压的事情收尾，想要一个专注事项卡片，显示备忘里的安排，并保留备忘录入口，再需要专心时能一键打开免打扰。
N704,天气+备忘录,跳转到备忘录；查询天气状况,trip_luggage_weather,household_stockpiler,今天要出趟门，行李还没收完。帮我做个出门准备卡片，先告诉我清单还缺什么，点一下看详情，再显示现在的天气、体感和预警信息。
N705,备忘录+导航,跳转到备忘录；跳转去导航,memo_location_navigation,freelance_creator,备忘里的事情处理完了，给我做个回家事项卡片，把备忘里的准备清单带上，点一下能查看原文，另外留一个明显的回家导航入口，最好一眼就能看明白。
N706,日历+电话,查询日程；跳转日程；拨打电话,schedule_quick_contact,office_worker,下一项日程需要提前联系对方，帮我做个会议联络小组件，显示临近会议的名称和时间，并留一个日程入口，同时留一个一键联系入口，方便马上沟通，别让我来回切应用。
N707,电话+位置,拨打电话,low_battery_safety_contact,forgetful_living_senior,请帮我做个报平安小组件，到陌生地方后需要尽快联系家人，让我一眼看到当前所在地点，另外保留一键联络，电量不多时少操作几步，信息简单点就行。
N708,相机+导航,跳转到相机界面；跳转去导航,spot_shooting_return,frequent_business_traveler,帮我做个外拍导航小组件，准备在外面拍一会儿，结束后直接回去，保留一个明显的拍摄入口，同时点一下就能开始回家导航，别让我来回切应用。
N709,天气+电话,查询天气状况；拨打电话,weather_care_contact,night_market_vendor,天气突然变差，想问问家里情况。做个天气联系卡片，让我先确认天气状况和风险提醒，另外留一个快速拨号入口，方便随时报平安。
N710,天气+备忘录,跳转到备忘录；查询天气状况,trip_luggage_weather,market_grocery_buyer,出差前想把清单和天气一起过一遍。麻烦做个出行清单卡片，让我快速过一遍准备清单和提醒，再显示现在的天气、体感和预警信息，信息简单点就行。
N711,日历+电话,查询日程；跳转日程；拨打电话,schedule_quick_contact,office_worker,下一项日程需要提前联系对方，给我做个会议联络小组件，让我先看清几点开什么会，点一下还能进日程，另外留一个一键联系入口，方便马上沟通，操作尽量直接一点。
N712,闹钟+音乐,跳转到每日30首和收藏页面；跳转闹钟,sleep_music_alarm,coffee_regular,想整一个晚安小组件，晚上想听点轻松的早点睡，留一个舒缓音乐入口，准备休息时直接打开，同时把明早的闹钟入口放上去，点一下能查看，信息简单点就行。
N713,备忘录+相机,跳转到备忘录；跳转到相机界面,photo_trip_check,co_renting_young_adult,给我来个外拍准备小组件，今天拍摄环节多，想少切几个应用，显示清单标题、内容和备忘录入口，再让我少点几步就能进入相机，临时要用时别绕太多层。
N714,电池+运动健康,跳转到电池设置页面；跳转锻炼时长页,outdoor_sport_device_guard,college_exam_student,周末要骑很久，想先检查设备，想整一个运动续航卡片，显示手机电量和是否在充电，另外让我快速看运动数据和完成情况，我想少点几下。
N715,相机+位置,跳转到相机界面,spot_shooting_return,short_trip_errand_user,想要一个外拍位置卡片，走到陌生街区想随手拍一下，把当前位置作为后续安排的参考，另外让我少点几步就能进入相机，最好一眼就能看明白。
N716,电话+位置,拨打电话,low_battery_safety_contact,forgetful_living_senior,晚上回去得晚，想先报个平安，我想要一个安全联系卡片，显示当前位置，方便家里人知道我在哪，另外保留一键联络，电量不多时少操作几步，信息简单点就行。
N717,闹钟+音乐,跳转到每日30首和收藏页面；跳转闹钟,sleep_music_alarm,internet_overtime_worker,明早要早起，今晚想早点休息，给我做个音乐闹钟卡片，把晚间常听的音乐放在顺手的位置，再把闹钟入口留出来，方便确认明早时间，我想少点几下。
N718,天气+相机,查询天气状况；跳转到相机界面,weather_photo_prep,urban_fashion_woman,想整一个摄影准备小组件，准备出门取景，怕天气突然变，告诉我出门时是什么天气，有预警就提醒，另外到地方后能快速打开相机，临时要用时别绕太多层。
N719,电话+导航,跳转去导航；拨打电话,arrival_contact_navigation,novice_driver,赶去公司开会，路上可能会晚。帮我做个出发联络小组件，点一下直接进入去公司的导航，另外保留快速联系按钮，临时有事能及时沟通，操作尽量直接一点。
N720,天气+备忘录,跳转到备忘录；查询天气状况,trip_luggage_weather,market_grocery_buyer,周末要出趟门，行李还没收完，请帮我做个行李天气小组件，显示清单标题、内容和备忘录入口，同时告诉我出门时是什么天气，有预警就提醒，别让我来回切应用。
N721,备忘录+相机,跳转到备忘录；跳转到相机界面,photo_trip_check,co_renting_young_adult,到了现场要马上开拍。给我来个外拍准备小组件，显示清单标题、内容和备忘录入口，另外到地方后能快速打开相机，信息简单点就行。
N722,日历+导航,查询日程；跳转日程；跳转去导航,schedule_location_navigation,field_sales_worker,早会不能迟到，想早点看路线，想要一个日程导航卡片，把明天的安排和提醒时间带上，再点一下直接进入去公司的导航，操作尽量直接一点。
N723,电话+位置,拨打电话,low_battery_safety_contact,forgetful_living_senior,晚上回去得晚，想先报个平安。麻烦做个安全联系卡片，显示当前位置，方便家里人知道我在哪，再留一个快速拨号入口，方便随时报平安。
N724,天气+备忘录,跳转到备忘录；查询天气状况,trip_luggage_weather,household_stockpiler,准备短途出行，怕漏带东西，给我做个出门准备卡片，让我核对清单还有什么没准备，再让我先看天气和温度，再决定是否出门，信息简单点就行。
N725,日历+电话,查询日程；跳转日程；拨打电话,schedule_quick_contact,office_worker,给我做个会议联络小组件，下一项日程需要提前联系对方，让我一眼看到会议标题和时间，点一下查看详情，同时需要时能直接给对方打电话，操作尽量直接一点。
N726,闹钟+系统设置,跳转闹钟；模式切换（免打扰、睡眠、学习）,bedtime_tomorrow_plan,fitness_runner,帮我做个闹钟模式小组件，明天要早起，想把睡前设置一次弄好，把闹钟入口留出来，方便确认明早时间，同时保留睡眠模式切换，避免继续被消息打扰，把最重要的放前面。
N727,备忘录+系统设置,跳转到备忘录；开启专注免打扰开关；模式切换（免打扰、睡眠、学习）,memo_focus_setup,office_worker,今晚要把积压的事情收尾，想要一个收尾小组件，把备忘里的待办和提醒时间带上，点一下能进备忘录，再让我能从卡片快速进入专注状态，别让我来回切应用。
N728,备忘录+导航,跳转到备忘录；跳转去导航,memo_location_navigation,freelance_creator,给我做个回家事项卡片，临时办事结束，不想再找路线，让我快速过一遍准备清单和提醒，另外把回家路线入口放上去，临时要用时别绕太多层。
N729,电池+相机,跳转到电池设置页面；跳转到相机界面,shooting_battery_check,frequent_business_traveler,想要一个拍摄续航卡片，今天拍摄时间比较长，把电量状态放在最显眼的位置，也保留详情入口，另外准备好后点一下直接开相机，别让我来回切应用。
N730,日历+天气,查询日程；跳转日程；查询天气状况,schedule_weather_prep,field_sales_worker,明早有个不能迟到的安排，想要一个日程天气卡片，先告诉我下一场会是什么时候，还能直接看日程，再看看当地天气、体感温度和会不会下雨，最好一眼就能看明白。
N731,闹钟+音乐,跳转到每日30首和收藏页面；跳转闹钟,sleep_music_alarm,coffee_regular,明早要早起，今晚想早点休息。帮我做个助眠提醒卡片吧，保留一个睡前歌单入口，同时让我快速确认闹钟有没有设好，临时要用时别绕太多层。
N732,音乐+系统设置,模式切换（免打扰、睡眠、学习）；跳转到每日30首和收藏页面,music_focus_sleep,mobile_gamer,加班结束想早点安静下来，给我来个睡前音乐卡片，把晚间模式入口放在顺手的位置，再让我睡前能快速进入常听歌单。
N733,备忘录+电话,跳转到备忘录；拨打电话,memo_call_briefing,retired_senior,我想要一个联络要点卡片，回电前想先看一下之前的记录，把沟通记录和备忘入口放在一起，另外需要改计划时能马上打电话说明。
N734,备忘录+导航,跳转到备忘录；跳转去导航,memo_location_navigation,freelance_creator,临时办事结束，不想再找路线，给我做个回家事项卡片，让我快速过一遍准备清单和提醒，同时从当前位置直接导航回家，别让我来回切应用。
N735,电池+系统设置,跳转到电池设置页面；一键开启省电模式,low_battery_outdoor,senior_programmer,准备开始跑单，手机还没充满，做个续航提醒卡片，把电量状态放在最显眼的位置，也保留详情入口，同时需要续航时能从卡片开启省电，信息简单点就行。
N736,闹钟+音乐,跳转到每日30首和收藏页面；跳转闹钟,sleep_music_alarm,gen_z_student,帮我做个音乐闹钟卡片吧，明早要早起，今晚想早点休息，留一个舒缓音乐入口，准备休息时直接打开，再点一下就能打开明早的闹钟，最好一眼就能看明白。
N737,运动健康+系统设置,跳转锻炼时长页；开启专注免打扰开关；模式切换（免打扰、睡眠、学习）,sport_focus_mode,internet_overtime_worker,进健身房后想专心练一会儿。给我做个训练模式小组件，把本次运动时长和热量放在一起，另外让我能从卡片快速进入专注状态，别让我来回切应用。
N738,相机+导航,跳转到相机界面；跳转去导航,spot_shooting_return,short_trip_errand_user,街拍结束后想直接回家。帮我做个拍摄返程卡片，保留一个明显的拍摄入口，同时从当前位置直接导航回家，最好一眼就能看明白。
N739,日历+相机,查询日程；跳转日程；跳转到相机界面,spot_shooting_return,college_exam_student,今晚十点有一场外拍。给我来个摄影安排卡片，把接下来的安排和时间放在一起，点一下能看日程，同时到地方后能快速打开相机，操作尽量直接一点。
N740,电话+电池,跳转到电池设置页面；拨打电话,low_battery_safety_contact,car_commuter,手机电量不多了，还在外面。给我做个安全联系小组件，让我一眼看到电量，必要时能打开电池设置，另外让我能从卡片马上联系家里人，操作尽量直接一点。
N741,闹钟+音乐,跳转到每日30首和收藏页面；跳转闹钟,sleep_music_alarm,coffee_regular,午休前想放点舒缓音乐。给我来个音乐闹钟卡片，留一个舒缓音乐入口，准备休息时直接打开，再让我看完安排后能直接去看闹钟，信息简单点就行。
N742,闹钟+音乐,跳转到每日30首和收藏页面；跳转闹钟,sleep_music_alarm,gen_z_student,帮我做个助眠提醒卡片吧，明早要早起，今晚想早点休息，让我从卡片直接打开助眠音乐，同时把起床提醒和闹钟入口放在一起，赶时间时也方便用。
N743,备忘录+导航,跳转到备忘录；跳转去导航,memo_location_navigation,freelance_creator,帮我做个回家事项卡片，临时办事结束，不想再找路线，让我核对清单还有什么没准备，另外显示当前位置后可以马上导航回家，操作尽量直接一点。
N744,日历+天气,查询日程；跳转日程；查询天气状况,schedule_weather_prep,field_sales_worker,想要一个行程天气卡片，周末要去外面参加项目同步会，显示临近会议的名称和时间，并留一个日程入口，另外先看看天气是否适合在外面待一阵，信息简单点就行。
N745,电池+位置,跳转到电池设置页面,low_battery_safety_contact,night_market_vendor,跑单途中电量偏低，想先确认自己位置，做个低电量位置卡片，让我先确认手机还有多少电，也能进入电池设置，同时显示我现在的位置，方便确认从哪里出发，临时要用时别绕太多层。
N746,闹钟+音乐,跳转到每日30首和收藏页面；跳转闹钟,sleep_music_alarm,fitness_runner,帮我做个晚安小组件，午休前想放点舒缓音乐，保留一个睡前歌单入口，同时让我看完安排后能直接去看闹钟，别让我来回切应用。
N747,闹钟+音乐,跳转到每日30首和收藏页面；跳转闹钟,sleep_music_alarm,coffee_regular,午休前想放点舒缓音乐，给我来个音乐闹钟卡片，点一下打开我常听的助眠歌单，另外点一下就能打开明早的闹钟，临时要用时别绕太多层。
N748,音乐+系统设置,跳转到每日30首和收藏页面,headset_music_shortcut,mobile_gamer,想整一个通勤听歌小组件，准备做家务，想边听歌边收拾，显示左右耳机和耳机盒的电量情况，同时保留一个音乐入口，随手就能打开，把最重要的放前面。
N749,备忘录+电话,跳转到备忘录；拨打电话,memo_call_briefing,new_parent,准备给房东打电话确认事情。我想要一个沟通准备小组件，显示备忘标题和要说的几件事，同时保留快速联系按钮，临时有事能及时沟通，信息简单点就行。
N750,日历+导航,查询日程；跳转日程；跳转去导航,schedule_location_navigation,frequent_business_traveler,帮我做个出发安排卡片，今天一早要去公司参加项目同步会，把接下来的安排和时间放在一起，点一下能看日程，另外把当前位置到公司的路线入口放在一起，别让我来回切应用。
N751,闹钟+音乐,跳转到每日30首和收藏页面；跳转闹钟,sleep_music_alarm,internet_overtime_worker,想要一个晚安小组件，晚上想听点轻松的早点睡，把收藏里的轻音乐入口放上去，同时把明早的闹钟入口放上去，点一下能查看，操作尽量直接一点。
N752,备忘录+闹钟,跳转到备忘录；跳具体的tab页（跳转世界时钟、秒表、计时器）,pet_fed_tracker,young_chronic_medication_user,晚上回家要核对宠物照护记录，想要一个宠物记录卡片，先看看今天的喂食备忘有没有完成，再需要倒计时时能少点几步，操作尽量直接一点。
N753,日历+天气,查询日程；跳转日程；查询天气状况,schedule_weather_prep,field_sales_worker,下午要赶去客户那边。想要一个行程天气卡片，让我一眼看到会议标题和时间，点一下查看详情，另外看看当地天气、体感温度和会不会下雨，操作尽量直接一点。
N754,相机+位置,跳转到相机界面,spot_shooting_return,short_trip_errand_user,做日落拍摄时要确认当前地点。给我做个外拍位置卡片，显示我此刻的位置，别让我手动再找，另外让我从卡片直接进入相机。
N755,导航+系统设置,跳转去导航；一键开启省电模式,low_battery_trip_guard,delivery_ride_worker,弄个回家省电卡片，准备回家，想尽量少耗电，需要返程时能直接打开回家导航，另外让我能直接打开省电模式。
N756,相机+位置,跳转到相机界面,spot_shooting_return,short_trip_errand_user,想要一个外拍位置卡片，做探店拍摄时要确认当前地点，把当前位置作为后续安排的参考，另外点一下就能开相机，别让我现场再找，赶时间时也方便用。
N757,日历+闹钟,查询日程；跳转日程；跳转闹钟,schedule_wakeup_check,teacher_trainer,怕睡过头耽误早上的事情，给我做个日程闹钟卡片，先显示最近一项日程和开始时间，再点一下就能打开明早的闹钟，信息简单点就行。
N758,日历+电话,查询日程；跳转日程；拨打电话,schedule_quick_contact,office_worker,想要一个日程联系卡片，下一项日程需要提前联系对方，让我先看清几点开什么会，点一下还能进日程，再需要改计划时能马上打电话说明，信息简单点就行。
N759,电话+电池,跳转到电池设置页面；拨打电话,low_battery_safety_contact,car_commuter,想要一个低电量联络卡片，手机电量不多了，还在外面，把当前电量、充电状态和电池入口放在一起，另外把常用联系人和拨号入口放在一起。
N760,备忘录+闹钟,跳转到备忘录；跳具体的tab页（跳转世界时钟、秒表、计时器）,memo_timed_reminder,young_chronic_medication_user,临时事情多，怕错过计时。给我做个事项提醒卡片，显示备忘内容和最近提醒，方便继续处理，另外留一个计时入口，方便按时处理，把最重要的放前面。
N761,电池+运动健康,跳转到电池设置页面；跳转锻炼时长页,outdoor_sport_device_guard,college_exam_student,给我来个运动续航卡片，户外训练时间会比较长，让我一眼看到电量，必要时能打开电池设置，另外让我快速看运动数据和完成情况，操作尽量直接一点。
N762,电池+相机,跳转到电池设置页面；跳转到相机界面,shooting_battery_check,college_exam_student,马上要开始日落拍摄。想整一个开拍准备卡片，显示剩余电量和充电状态，点一下能看电池详情，同时到地方后能快速打开相机，赶时间时也方便用。
N763,天气+相机,查询天气状况；跳转到相机界面,weather_photo_prep,urban_fashion_woman,想整一个摄影准备小组件，周末约了外拍，显示现在的天气、体感和预警信息，同时让我从卡片直接进入相机，最好一眼就能看明白。
N764,位置+导航,跳转去导航,current_location_navigation,novice_driver,晚上结束工作准备回去，帮我做个返程小组件，把当前位置作为后续安排的参考，再让我从卡片直接开始返程导航，最好一眼就能看明白。
N765,日历+电话,查询日程；跳转日程；拨打电话,schedule_quick_contact,office_worker,出发前想先确认这场安排，给我做个安排确认卡片，让我先看清几点开什么会，点一下还能进日程，再保留快速联系按钮，临时有事能及时沟通，把最重要的放前面。
N766,音乐+系统设置,跳转到每日30首和收藏页面,headset_music_shortcut,mobile_gamer,耳机刚拿出来，想马上放点音乐，帮我做个音乐快捷卡片吧，让我戴上耳机后马上确认连接状态，再把常听歌单放上去，少翻几层页面，别让我来回切应用。
N767,闹钟+音乐,跳转到每日30首和收藏页面；跳转闹钟,sleep_music_alarm,fitness_runner,给我做个音乐闹钟卡片，晚上想听点轻松的早点睡，把收藏里的轻音乐入口放上去，同时显示最近的起床提醒，并能打开闹钟，把最重要的放前面。
N768,天气+电池,查询天气状况；跳转到电池设置页面,weather_battery_protect,delivery_ride_worker,高温天准备在外面待很久。弄个设备保护小组件，天气变差时给我一个明显提醒，同时先看看手机还剩多少电，再决定后面的安排，别让我来回切应用。
N769,日历+备忘录,跳转到备忘录；查询日程；跳转日程,meeting_agenda_preview,office_worker,培训会快开始了。想要一个会前备忘卡片，让我先过一遍记录的重点，也能打开备忘录，同时让我一眼看到会议标题和时间，点一下查看详情，信息简单点就行。
N770,相机+导航,跳转到相机界面；跳转去导航,spot_shooting_return,frequent_business_traveler,今天外拍不想来回找应用，想要一个拍摄返程卡片，点一下就能开相机，别让我现场再找，同时从当前位置直接导航回家，操作尽量直接一点。
N771,闹钟+系统设置,跳转闹钟；模式切换（免打扰、睡眠、学习）,bedtime_tomorrow_plan,gen_z_student,最近总是睡前忘记切模式，帮我做个闹钟模式小组件吧，把闹钟入口留出来，方便确认明早时间，另外让我睡前能一键切换到安静状态，临时要用时别绕太多层。
N772,运动健康+系统设置,跳转锻炼时长页；开启专注免打扰开关；模式切换（免打扰、睡眠、学习）,sport_focus_mode,gen_z_student,户外运动时不方便频繁看手机。帮我做个运动专注卡片吧，把本次运动时长和热量放在一起，再需要安静时能马上切到免打扰模式，别让我来回切应用。
N773,运动健康+音乐,跳转锻炼时长页；跳转到每日30首和收藏页面,sport_music_control,freelance_home_worker,今天训练想配个熟悉的歌单。给我做个锻炼音乐卡片，显示今天的活动进度，点一下查看锻炼详情，同时把收藏歌单入口放在最顺手的位置，赶时间时也方便用。
N774,天气+运动健康,查询天气状况；跳转锻炼时长页,weather_sport_decision,fitness_runner,周末想去徒步。想要一个锻炼决策卡片，显示天气现象和体感，方便决定怎么准备，再把本次运动时长和热量放在一起，赶时间时也方便用。
N775,备忘录+导航,跳转到备忘录；跳转去导航,memo_location_navigation,freelance_creator,外出办完事准备回家，帮我做个回家事项卡片，显示备忘里的重点项目和未完成项，另外留一个明显的回家导航入口，把最重要的放前面。
N776,闹钟+音乐,跳转到每日30首和收藏页面；跳转闹钟,sleep_music_alarm,coffee_regular,想整一个晚安小组件，晚上想听点轻松的早点睡，点一下进入收藏歌单，不用再找音乐，再让我看完安排后能直接去看闹钟，最好一眼就能看明白。
N777,闹钟+运动健康,跳转睡眠页；跳转闹钟,sleep_alarm_adjust,retired_senior,准备睡觉前想看看最近休息情况。请帮我做个早起睡眠卡片，把睡眠状态放上去，点一下进入睡眠页，再显示最近的起床提醒，并能打开闹钟。
N778,日历+导航,查询日程；跳转日程；跳转去导航,schedule_location_navigation,field_sales_worker,想要一个日程导航卡片，下一项安排在公司，快到出发时间了，把明天的安排和提醒时间带上，另外让我少点几步就能导航到公司。
N779,电池+系统设置,跳转到电池设置页面；一键开启省电模式,low_battery_outdoor,senior_programmer,准备开始跑单，手机还没充满。弄个续航提醒卡片，显示剩余电量和充电状态，点一下能看电池详情，再留一个省电开关，出门前可以直接打开，我想少点几下。
N780,备忘录+电话,跳转到备忘录；拨打电话,memo_call_briefing,new_parent,有件事要联系对方，怕漏掉重点。我想要一个沟通准备小组件，显示备忘中的重点，避免临时忘词，另外需要改计划时能马上打电话说明，赶时间时也方便用。
N781,日历+系统设置,查询日程；跳转日程；开启专注免打扰开关；模式切换（免打扰、睡眠、学习）,focus_before_meeting,senior_programmer,弄个日程专注卡片，下一场客户会快开始了，把接下来的会议时间列出来，也保留日程入口，同时开会或训练前可以直接打开免打扰，我想少点几下。
N782,运动健康+音乐,跳转锻炼时长页；跳转到每日30首和收藏页面,sport_music_control,freelance_home_worker,开始运动前想先确认状态。给我做个运动音乐卡片，把运动时长和当前状态放上去，再留一个常听歌单入口，戴上耳机就能打开，最好一眼就能看明白。
N783,闹钟+音乐,跳转到每日30首和收藏页面；跳转闹钟,sleep_music_alarm,internet_overtime_worker,想要一个音乐闹钟卡片，午休前想放点舒缓音乐，点一下进入收藏歌单，不用再找音乐，另外把起床提醒和闹钟入口放在一起，别让我来回切应用。
N784,日历+导航,查询日程；跳转日程；跳转去导航,schedule_location_navigation,frequent_business_traveler,想要一个日程导航卡片，下一项安排在公司，快到出发时间了，先告诉我下一件事几点开始，并能进入日程，再让我少点几步就能导航到公司，我想少点几下。
N785,电池+导航,跳转到电池设置页面；跳转去导航,low_battery_trip_guard,night_market_vendor,手机电量不多了还得赶回家，来个回家电量卡片，让我一眼看到电量，必要时能打开电池设置，另外留一个明显的回家导航入口，我想少点几下。
N786,日历+系统设置,查询日程；跳转日程；开启专注免打扰开关；模式切换（免打扰、睡眠、学习）,focus_before_meeting,senior_programmer,今天八点有培训会，来个会议专注卡片，把会议安排和具体时间放上去，点一下能核对日程，另外保留一个专注开关，避免中途被打断，别让我来回切应用。
N787,闹钟+音乐,跳转到每日30首和收藏页面；跳转闹钟,sleep_music_alarm,coffee_regular,想整一个助眠提醒卡片，加班结束后脑子还停不下来，把晚间常听的音乐放在顺手的位置，再把闹钟入口留出来，方便确认明早时间，操作尽量直接一点。
N788,运动健康+系统设置,跳转锻炼时长页；开启专注免打扰开关；模式切换（免打扰、睡眠、学习）,sport_focus_mode,gen_z_student,准备开始力量训练，不想被消息打断，帮我做个锻炼状态卡片吧，看看今天的运动状态和锻炼时长，点一下能看详情，另外需要专心时能一键打开免打扰，信息简单点就行。
N789,相机+导航,跳转到相机界面；跳转去导航,spot_shooting_return,short_trip_errand_user,给我做个开拍回家卡片，日落拍摄结束后想直接回家，保留一个明显的拍摄入口，另外显示当前位置后可以马上导航回家，最好一眼就能看明白。
N790,电池+位置,跳转到电池设置页面,low_battery_safety_contact,car_commuter,跑单途中电量偏低，想先确认自己位置。给我做个电量定位卡片，让我一眼看到电量，必要时能打开电池设置，再把出发位置和当前位置放在一起，临时要用时别绕太多层。
N791,相机+导航,跳转到相机界面；跳转去导航,spot_shooting_return,frequent_business_traveler,日落拍摄结束后想直接回家。想要一个拍摄返程卡片，留一个相机入口，到点就能开始拍，再从当前位置直接导航回家，别让我来回切应用。
N792,日历+电话,查询日程；跳转日程；拨打电话,schedule_quick_contact,office_worker,给我做个安排确认卡片，培训会快开始了，还没和对方确认，先告诉我下一场会是什么时候，还能直接看日程，再需要改计划时能马上打电话说明，把最重要的放前面。
N793,日历+闹钟,查询日程；跳转日程；跳转闹钟,schedule_wakeup_check,teacher_trainer,明天第一项安排比较早，帮我做个早起安排小组件，显示下一项安排的名称、时间和日程入口，再把明早的闹钟入口放上去，点一下能查看，操作尽量直接一点。
N794,音乐+系统设置,模式切换（免打扰、睡眠、学习）；跳转到每日30首和收藏页面,music_focus_sleep,mobile_gamer,午休前想听点轻松的。想整一个睡前音乐卡片，把睡眠模式入口放上去，再点一下打开我常听的助眠歌单，信息简单点就行。
N795,闹钟+音乐,跳转到每日30首和收藏页面；跳转闹钟,sleep_music_alarm,internet_overtime_worker,午休前想放点舒缓音乐，想要一个晚安小组件，保留一个睡前歌单入口，另外让我看完安排后能直接去看闹钟，信息简单点就行。
N796,闹钟+音乐,跳转到每日30首和收藏页面；跳转闹钟,sleep_music_alarm,fitness_runner,明早要早起，今晚想早点休息。想要一个晚安小组件，把收藏里的轻音乐入口放上去，另外显示最近的起床提醒，并能打开闹钟，临时要用时别绕太多层。
N797,运动健康+系统设置,跳转锻炼时长页；开启专注免打扰开关；模式切换（免打扰、睡眠、学习）,sport_focus_mode,fitness_runner,进健身房后想专心练一会儿。想要一个锻炼状态卡片，先看看今天的训练记录，再决定下一步，再需要安静时能马上切到免打扰模式，临时要用时别绕太多层。
N798,电池+运动健康,跳转到电池设置页面；跳转锻炼时长页,outdoor_sport_device_guard,college_exam_student,户外训练时间会比较长，给我来个户外设备小组件，显示手机电量和是否在充电，同时让我快速看运动数据和完成情况，临时要用时别绕太多层。
N799,音乐+系统设置,跳转到每日30首和收藏页面,headset_music_shortcut,mobile_gamer,准备做家务，想边听歌边收拾，想整一个通勤听歌小组件，显示耳机连接状态和剩余电量，同时留一个常听歌单入口，戴上耳机就能打开，临时要用时别绕太多层。
N800,备忘录+相机,跳转到备忘录；跳转到相机界面,photo_trip_check,co_renting_young_adult,帮我做个器材备忘卡片吧，准备外拍，怕漏带东西，把出门前要带的东西列出来，也能打开备忘录，另外让我少点几步就能进入相机，临时要用时别绕太多层。
N801,备忘录+运动健康,跳转到备忘录；跳转锻炼时长页,memo_sport_execution,retired_senior,最近想按计划把运动坚持下来，麻烦做个运动待办小组件，把备忘里的待办和提醒时间带上，点一下能进备忘录，同时看看今天的运动状态和锻炼时长，点一下能看详情，把最重要的放前面。
N802,音乐+系统设置,模式切换（免打扰、睡眠、学习）；跳转到每日30首和收藏页面,music_focus_sleep,mobile_gamer,睡前不想继续刷手机，帮我做个睡前音乐卡片吧，准备睡觉时少点几步就能安静下来，另外点一下打开我常听的助眠歌单，信息简单点就行。
N803,闹钟+音乐,跳转到每日30首和收藏页面；跳转闹钟,sleep_music_alarm,gen_z_student,加班结束后脑子还停不下来，帮我做个音乐闹钟卡片吧，把晚间常听的音乐放在顺手的位置，再点一下就能打开明早的闹钟，把最重要的放前面。
N804,电池+位置,跳转到电池设置页面,low_battery_safety_contact,night_market_vendor,弄个低电量位置卡片，跑单途中电量偏低，想先确认自己位置，显示手机电量和是否在充电，同时显示我此刻的位置，别让我手动再找，最好一眼就能看明白。
N805,闹钟+运动健康,跳转睡眠页；跳转闹钟,sleep_alarm_adjust,young_chronic_medication_user,昨晚睡得有点晚，明早还得早起，给我做个睡眠闹钟卡片，先看看昨晚休息够不够，再调整安排，另外让我快速确认闹钟有没有设好，把最重要的放前面。
N806,音乐+系统设置,模式切换（免打扰、睡眠、学习）；跳转到每日30首和收藏页面,music_focus_sleep,mobile_gamer,晚上看完书准备休息。想整一个助眠小组件，让我从卡片快速进入睡眠模式，另外点一下进入收藏歌单，不用再找音乐。
N807,天气+备忘录,跳转到备忘录；查询天气状况,trip_luggage_weather,newlywed_household_manager,给我做个行李天气小组件，准备短途出行，怕漏带东西，显示备忘里的重点项目和未完成项，另外看看当地天气、体感温度和会不会下雨，我想少点几下。
N808,天气+位置,查询天气状况,weather_location_shooting_decision,delivery_ride_worker,在外面选拍摄地点，拿不准天气。来个当前位置天气卡片，显示我此刻的位置，别让我手动再找，同时显示天气现象和体感，方便决定怎么准备，操作尽量直接一点。
N809,运动健康+音乐,跳转锻炼时长页；跳转到每日30首和收藏页面,sport_music_control,freelance_home_worker,准备去力量训练，想顺手放点常听的歌。想要一个锻炼音乐卡片，显示今天的活动进度，点一下查看锻炼详情，再让我从卡片直接进入收藏音乐，操作尽量直接一点。
N810,天气+备忘录,跳转到备忘录；查询天气状况,trip_luggage_weather,newlywed_household_manager,出差前想把清单和天气一起过一遍。想要一个行李天气小组件，先告诉我清单还缺什么，点一下看详情，另外显示天气现象和体感，方便决定怎么准备，操作尽量直接一点。
N811,天气+备忘录,跳转到备忘录；查询天气状况,trip_luggage_weather,market_grocery_buyer,出差前想把清单和天气一起过一遍。请帮我做个出行清单卡片，让我核对清单还有什么没准备，另外看看当地天气、体感温度和会不会下雨，临时要用时别绕太多层。
N812,电话+电池,跳转到电池设置页面；拨打电话,low_battery_safety_contact,car_commuter,晚上独自在外，手机续航有点悬，帮我做个低电量联络卡片，显示手机电量和是否在充电，再让我不用翻通讯录就能联系家里，操作尽量直接一点。
N813,闹钟+运动健康,跳转睡眠页；跳转闹钟,sleep_alarm_adjust,retired_senior,最近总觉得没睡够。请帮我做个早起睡眠卡片，显示昨晚睡了多久，点一下能看睡眠详情，另外让我顺手核对起床闹钟，赶时间时也方便用。
N814,天气+位置,查询天气状况,weather_location_shooting_decision,night_market_vendor,到陌生地方后想先看当前位置和天气，做个户外决策小组件，让我先确认自己现在在哪儿，另外看看当地天气、体感温度和会不会下雨，我想少点几下。
N815,电池+相机,跳转到电池设置页面；跳转到相机界面,shooting_battery_check,college_exam_student,今天拍摄时间比较长，帮我做个相机电量小组件吧，告诉我剩余电量，点一下再看电池详情，另外准备好后点一下直接开相机。
N816,电池+系统设置,跳转到电池设置页面；一键开启省电模式,low_battery_outdoor,senior_programmer,做个出门续航卡片，今天要在外面跑一整天，显示手机电量和是否在充电，再电量紧张时能马上切到省电状态，赶时间时也方便用。
N817,日历+系统设置,查询日程；跳转日程；开启专注免打扰开关；模式切换（免打扰、睡眠、学习）,focus_before_meeting,senior_programmer,下一场评审会快开始了，弄个日程专注卡片，让我先看清几点开什么会，点一下还能进日程，同时把模式切换放在顺手的位置，别让我来回切应用。
N818,音乐+系统设置,模式切换（免打扰、睡眠、学习）；跳转到每日30首和收藏页面,music_focus_sleep,internet_overtime_worker,睡前不想继续刷手机。给我做个睡前音乐卡片，准备休息时能直接切到睡眠模式，再把收藏里的轻音乐入口放上去，把最重要的放前面。
N819,日历+电话,查询日程；跳转日程；拨打电话,schedule_quick_contact,office_worker,客户会快开始了，还没和对方确认。帮我做个安排确认卡片，让我先看清几点开什么会，点一下还能进日程，同时点一下就能联系对方，不用再翻通讯录，临时要用时别绕太多层。
N820,闹钟+音乐,跳转到每日30首和收藏页面；跳转闹钟,sleep_music_alarm,coffee_regular,加班结束后脑子还停不下来，给我来个晚安小组件，点一下打开我常听的助眠歌单，另外让我看完安排后能直接去看闹钟，信息简单点就行。
N821,闹钟+系统设置,跳转闹钟；模式切换（免打扰、睡眠、学习）,bedtime_tomorrow_plan,fitness_runner,明天要早起，想把睡前设置一次弄好。给我做个睡前设置卡片，把闹钟入口留出来，方便确认明早时间，另外保留睡眠模式切换，避免继续被消息打扰，别让我来回切应用。
N822,日历+系统设置,查询日程；跳转日程；开启专注免打扰开关；模式切换（免打扰、睡眠、学习）,focus_before_meeting,senior_programmer,开客户会前想先把状态调整好，弄个会议专注卡片，显示临近会议的名称和时间，并留一个日程入口，再需要安静时能马上切到免打扰模式，信息简单点就行。
N823,日历+运动健康,查询日程；跳转日程；跳转锻炼时长页,schedule_sport_readiness,internet_overtime_worker,想要一个训练日程小组件，晚上有训练安排，想先看看今天状态，先显示最近一项日程和开始时间，另外让我先确认今天练了多久，也能进入运动记录，别让我来回切应用。
N824,电池+导航,跳转到电池设置页面；跳转去导航,low_battery_trip_guard,delivery_ride_worker,跑完最后一单准备返程。来个回家电量卡片，把电量状态放在最显眼的位置，也保留详情入口，同时点一下就能开始回家导航，最好一眼就能看明白。
N825,天气+位置,查询天气状况,weather_location_shooting_decision,night_market_vendor,来个户外决策小组件，出门办事时想判断周围天气，显示我现在的位置，方便确认从哪里出发，另外显示现在的天气、体感和预警信息，赶时间时也方便用。
N826,电话+位置,拨打电话,low_battery_safety_contact,forgetful_living_senior,一个人在外面，想让家里知道位置。我想要一个报平安小组件，显示当前位置，方便家里人知道我在哪，另外需要帮助时能直接给家人打电话，我想少点几下。
N827,相机+位置,跳转到相机界面,spot_shooting_return,freelance_creator,找到合适位置后想马上开拍，想要一个外拍位置卡片，把当前所在位置放上去，再留一个相机入口，到点就能开始拍，我想少点几下。
N828,运动健康+音乐,跳转锻炼时长页；跳转到每日30首和收藏页面,sport_music_control,freelance_home_worker,健身时不想来回切应用，想要一个运动音乐卡片，让我快速看运动数据和完成情况，同时让我运动时能快速进入常听音乐，临时要用时别绕太多层。
N829,电池+位置,跳转到电池设置页面,low_battery_safety_contact,car_commuter,在陌生地方发现手机电量不多。想要一个低电量位置卡片，显示手机电量和是否在充电，同时显示我现在的位置，方便确认从哪里出发，别让我来回切应用。
N830,日历+导航,查询日程；跳转日程；跳转去导航,schedule_location_navigation,field_sales_worker,早会不能迟到，想早点看路线。给我做个日程导航卡片，把接下来的安排和时间放在一起，点一下能看日程，另外把去公司的导航入口放上去，我想少点几下。
N831,运动健康+音乐,跳转锻炼时长页；跳转到每日30首和收藏页面,sport_music_control,freelance_home_worker,想要一个训练听歌小组件，准备去徒步，想顺手放点常听的歌，看看今天的运动状态和锻炼时长，点一下能看详情，另外点一下能直接进我收藏的歌单，我想少点几下。
N832,闹钟+运动健康,跳转睡眠页；跳转闹钟,sleep_alarm_adjust,young_chronic_medication_user,想要一个睡眠闹钟卡片，准备睡觉前想看看最近休息情况，显示入睡、醒来时间和总睡眠时长，再让我快速确认闹钟有没有设好，把最重要的放前面。
N833,天气+备忘录,跳转到备忘录；查询天气状况,trip_luggage_weather,household_stockpiler,周末出门，衣服和用品还没决定。想要一个出行清单卡片，把备忘中的注意事项放在一起，同时显示现在的天气、体感和预警信息，临时要用时别绕太多层。
N834,相机+导航,跳转到相机界面；跳转去导航,spot_shooting_return,short_trip_errand_user,今天外拍不想来回找应用。想要一个外拍导航小组件，留一个相机入口，到点就能开始拍，再让我从卡片直接开始返程导航，最好一眼就能看明白。
N835,日历+天气,查询日程；跳转日程；查询天气状况,schedule_weather_prep,field_sales_worker,想要一个出门安排小组件，今天要去外面参加培训会，让我一眼看到会议标题和时间，点一下查看详情，再显示现在的天气、体感和预警信息，把最重要的放前面。
N836,日历+备忘录,跳转到备忘录；查询日程；跳转日程,meeting_agenda_preview,office_worker,进会议室前想再过一遍要点。帮我做个议题核对小组件，显示备忘中的重点，避免临时忘词，另外把会议名称、开始时间和日程入口放在一起，信息简单点就行。
N837,相机+导航,跳转到相机界面；跳转去导航,spot_shooting_return,freelance_creator,到地方要马上开拍，拍完就返程。帮我做个开拍回家卡片，准备好后点一下直接开相机，另外需要返程时能直接打开回家导航，我想少点几下。
N838,天气+电池,查询天气状况；跳转到电池设置页面,weather_battery_protect,delivery_ride_worker,天气很冷，担心手机掉电快。来个出门状态卡片，告诉我天气是否会影响接下来的安排，同时显示手机电量和是否在充电，临时要用时别绕太多层。
N839,电话+导航,跳转去导航；拨打电话,arrival_contact_navigation,novice_driver,赶去公司开会，路上可能会晚。给我做个出发联络小组件，让我少点几步就能导航到公司，再需要改计划时能马上打电话说明，最好一眼就能看明白。
N840,日历+运动健康,查询日程；跳转日程；跳转锻炼时长页,schedule_sport_readiness,internet_overtime_worker,想要一个锻炼计划卡片，下班后计划运动，不确定今天练得够不够，先显示最近一项日程和开始时间，同时显示步数、运动时间和消耗情况，把最重要的放前面。
N841,日历+导航,查询日程；跳转日程；跳转去导航,schedule_location_navigation,frequent_business_traveler,准备从家去公司赶下一场安排。给我做个出发安排卡片，先显示最近一项日程和开始时间，另外让我少点几步就能导航到公司，我想少点几下。
N842,天气+相机,查询天气状况；跳转到相机界面,weather_photo_prep,urban_fashion_woman,帮我做个拍摄天气卡片吧，今晚准备去做日落拍摄，把会不会下雨和天气提醒放在一起，另外留一个相机入口，到点就能开始拍，我想少点几下。
N843,天气+运动健康,查询天气状况；跳转锻炼时长页,weather_sport_decision,fitness_runner,想要一个运动天气卡片，今天想去力量训练，先看看天气是否适合在外面待一阵，同时先看看今天的训练记录，再决定下一步，临时要用时别绕太多层。
N844,日历+导航,查询日程；跳转日程；跳转去导航,schedule_location_navigation,field_sales_worker,早会不能迟到，想早点看路线，想要一个日程导航卡片，把接下来的安排和时间放在一起，点一下能看日程，同时点一下直接进入去公司的导航，信息简单点就行。
N845,闹钟+音乐,跳转到每日30首和收藏页面；跳转闹钟,sleep_music_alarm,gen_z_student,午休前想放点舒缓音乐，给我来个音乐闹钟卡片，让我睡前能快速进入常听歌单，另外把起床提醒和闹钟入口放在一起，赶时间时也方便用。
N846,闹钟+运动健康,跳转睡眠页；跳转闹钟,sleep_alarm_adjust,young_chronic_medication_user,明天有早安排，想先核对睡眠和闹钟。帮我做个作息调整小组件，把睡眠状态放上去，点一下进入睡眠页，再把闹钟入口留出来，方便确认明早时间，临时要用时别绕太多层。
N847,相机+导航,跳转到相机界面；跳转去导航,spot_shooting_return,short_trip_errand_user,今天外拍不想来回找应用，想要一个外拍导航小组件，点一下就能开相机，别让我现场再找，同时显示当前位置后可以马上导航回家。
N848,导航+系统设置,跳转去导航；一键开启省电模式,low_battery_trip_guard,car_commuter,准备回家，想尽量少耗电，给我做个返程保障小组件，需要返程时能直接打开回家导航，同时电量紧张时能马上切到省电状态，别让我来回切应用。
N849,天气+相机,查询天气状况；跳转到相机界面,weather_photo_prep,urban_fashion_woman,准备出门取景，怕天气突然变，想整一个摄影准备小组件，把当前天气和空气情况放上去，另外点一下就能开相机，别让我现场再找。
N850,闹钟+音乐,跳转到每日30首和收藏页面；跳转闹钟,sleep_music_alarm,coffee_regular,晚上想听点轻松的早点睡。给我来个晚安小组件，让我从卡片直接打开助眠音乐，再让我看完安排后能直接去看闹钟，最好一眼就能看明白。
N851,天气+相机,查询天气状况；跳转到相机界面,weather_photo_prep,urban_fashion_woman,周末约了外拍，想整一个摄影准备小组件，先看看天气是否适合在外面待一阵，另外让我少点几步就能进入相机。
N852,电池+导航,跳转到电池设置页面；跳转去导航,low_battery_trip_guard,delivery_ride_worker,做个回家电量卡片，跑完最后一单准备返程，告诉我剩余电量，点一下再看电池详情，另外点一下就能开始回家导航，赶时间时也方便用。
N853,日历+运动健康,查询日程；跳转日程；跳转锻炼时长页,schedule_sport_readiness,internet_overtime_worker,准备按日程去锻炼。帮我做个锻炼计划卡片，让我看清今天还有什么安排，也能打开日程，另外先看看今天的训练记录，再决定下一步。
N854,备忘录+导航,跳转到备忘录；跳转去导航,memo_location_navigation,freelance_creator,备忘里的事情处理完了。想要一个办事返程卡片，把出门前要带的东西列出来，也能打开备忘录，同时从当前位置直接导航回家。
N855,电池+位置,跳转到电池设置页面,low_battery_safety_contact,night_market_vendor,做个外出安全小组件，在陌生地方发现手机电量不多，先看看手机还剩多少电，再决定后面的安排，再显示我此刻的位置，别让我手动再找，操作尽量直接一点。
N856,运动健康+音乐,跳转锻炼时长页；跳转到每日30首和收藏页面,sport_music_control,freelance_home_worker,帮我做个运动音乐卡片，健身时不想来回切应用，显示今天的活动进度，点一下查看锻炼详情，另外让我运动时能快速进入常听音乐，操作尽量直接一点。
N857,闹钟+运动健康,跳转睡眠页；跳转闹钟,sleep_alarm_adjust,retired_senior,准备睡觉前想看看最近休息情况。麻烦做个早起睡眠卡片，让我快速确认最近睡得怎么样，另外点一下就能打开明早的闹钟，赶时间时也方便用。
N858,电池+导航,跳转到电池设置页面；跳转去导航,low_battery_trip_guard,night_market_vendor,晚上准备回家，担心导航中途没电。来个低电量返程卡片，告诉我剩余电量，点一下再看电池详情，同时显示当前位置后可以马上导航回家，赶时间时也方便用。
N859,天气+位置,查询天气状况,weather_location_shooting_decision,delivery_ride_worker,出门办事时想判断周围天气。做个当前位置天气卡片，把当前位置作为后续安排的参考，另外先看看天气是否适合在外面待一阵，赶时间时也方便用。
N860,位置+导航,跳转去导航,current_location_navigation,novice_driver,晚上结束工作准备回去。给我做个当前位置卡片，显示我此刻的位置，别让我手动再找，再点一下就能开始回家导航，把最重要的放前面。
N861,日历+备忘录,跳转到备忘录；查询日程；跳转日程,car_maintenance_due,office_worker,准备安排一次车辆检查，给我做个车辆事务卡片，显示最近的保养记录和备忘入口，同时先显示最近一项日程和开始时间，最好一眼就能看明白。
N862,日历+系统设置,查询日程；跳转日程；开启专注免打扰开关；模式切换（免打扰、睡眠、学习）,focus_before_meeting,senior_programmer,弄个会前小组件，周末晚上六点半有评审会，把接下来的会议时间列出来，也保留日程入口，再保留一个专注开关，避免中途被打断，最好一眼就能看明白。
N863,备忘录+闹钟,跳转到备忘录；跳具体的tab页（跳转世界时钟、秒表、计时器）,pet_fed_tracker,new_parent,准备给猫添粮，又怕重复喂。我想要一个宠物照护卡片，把今天有没有喂过的记录带上，点一下能看备忘，再把计时器放在顺手的位置，赶时间时也方便用。
N864,音乐+系统设置,跳转到每日30首和收藏页面,headset_music_shortcut,mobile_gamer,想整一个通勤听歌小组件，上车后不想再翻手机，让我一眼确认蓝牙耳机是否已连接，另外把收藏歌单入口放在最顺手的位置，别让我来回切应用。
N865,日历+系统设置,查询日程；跳转日程；开启专注免打扰开关；模式切换（免打扰、睡眠、学习）,focus_before_meeting,senior_programmer,弄个会前小组件，准备进会议室，不想再被消息打断，显示临近会议的名称和时间，并留一个日程入口，同时把模式切换放在顺手的位置。
N866,备忘录+闹钟,跳转到备忘录；跳具体的tab页（跳转世界时钟、秒表、计时器）,memo_timed_reminder,new_parent,麻烦做个定时待办小组件，做饭和洗衣要同时盯着，先列出备忘里的重点事项和提醒时间，再需要倒计时时能少点几步，操作尽量直接一点。
N867,备忘录+相机,跳转到备忘录；跳转到相机界面,photo_trip_check,co_renting_young_adult,准备外拍，怕漏带东西。帮我做个外拍准备小组件吧，把备忘中的注意事项放在一起，再到地方后能快速打开相机。
N868,闹钟+音乐,跳转到每日30首和收藏页面；跳转闹钟,sleep_music_alarm,coffee_regular,想整一个晚安小组件，加班结束后脑子还停不下来，让我睡前能快速进入常听歌单，另外让我看完安排后能直接去看闹钟，最好一眼就能看明白。
N869,运动健康+系统设置,跳转锻炼时长页；开启专注免打扰开关；模式切换（免打扰、睡眠、学习）,sport_focus_mode,gen_z_student,户外运动时不方便频繁看手机。给我来个运动专注卡片，显示步数、运动时间和消耗情况，另外开会或训练前可以直接打开免打扰，别让我来回切应用。
N870,天气+相机,查询天气状况；跳转到相机界面,weather_photo_prep,urban_fashion_woman,周末约了外拍，帮我做个摄影准备小组件吧，显示天气现象和体感，方便决定怎么准备，同时点一下就能开相机，别让我现场再找，信息简单点就行。
N871,位置+导航,跳转去导航,current_location_navigation,novice_driver,忙完手上的事，不想再找当前位置。想要一个返程小组件，让我先确认自己现在在哪儿，同时留一个明显的回家导航入口，把最重要的放前面。
N872,备忘录+导航,跳转到备忘录；跳转去导航,memo_location_navigation,freelance_creator,帮我做个备忘导航小组件，备忘里的事情处理完了，显示清单标题、内容和备忘录入口，同时需要返程时能直接打开回家导航，临时要用时别绕太多层。
N873,天气+位置,查询天气状况,weather_location_shooting_decision,night_market_vendor,到陌生地方后想先看当前位置和天气，来个位置天气卡片，显示我此刻的位置，别让我手动再找，同时显示天气现象和体感，方便决定怎么准备，最好一眼就能看明白。
N874,天气+电池,查询天气状况；跳转到电池设置页面,weather_battery_protect,delivery_ride_worker,做个设备保护小组件，下雨天要长时间用手机，把天气现象、体感和预警放在一起，再显示剩余电量和充电状态，点一下能看电池详情。
N875,天气+相机,查询天气状况；跳转到相机界面,weather_photo_prep,urban_fashion_woman,今晚准备去做外拍，想整一个外拍天气卡片，让我先看天气和温度，再决定是否出门，再把相机入口放上去，适合时马上开拍，最好一眼就能看明白。
N876,相机+导航,跳转到相机界面；跳转去导航,spot_shooting_return,short_trip_errand_user,帮我做个外拍导航小组件，短视频拍摄结束后想直接回家，到地方后能快速打开相机，再显示当前位置后可以马上导航回家，把最重要的放前面。
N877,天气+备忘录,跳转到备忘录；查询天气状况,trip_luggage_weather,household_stockpiler,想要一个出行清单卡片，今晚要出趟门，行李还没收完，把出门前要带的东西列出来，也能打开备忘录，同时告诉我出门时是什么天气，有预警就提醒，操作尽量直接一点。
N878,电话+位置,拨打电话,low_battery_safety_contact,forgetful_living_senior,晚上回去得晚，想先报个平安。请帮我做个安全联系卡片，让我一眼看到当前所在地点，同时让我不用翻通讯录就能联系家里，最好一眼就能看明白。
N879,闹钟+音乐,跳转到每日30首和收藏页面；跳转闹钟,sleep_music_alarm,gen_z_student,晚上想听点轻松的早点睡，给我来个晚安小组件，点一下打开我常听的助眠歌单，再让我顺手核对起床闹钟。
N880,日历+电话,查询日程；跳转日程；拨打电话,schedule_quick_contact,office_worker,临时可能会晚到几分钟，给我做个会议联络小组件，把会议名称、开始时间和日程入口放在一起，另外需要改计划时能马上打电话说明，别让我来回切应用。
N881,备忘录+相机,跳转到备忘录；跳转到相机界面,photo_trip_check,co_renting_young_adult,想整一个器材备忘卡片，到了现场要马上开拍，把备忘里的准备清单带上，点一下能查看原文，同时点一下就能开相机，别让我现场再找，赶时间时也方便用。
N882,音乐+系统设置,跳转到每日30首和收藏页面,headset_music_shortcut,mobile_gamer,想整一个音乐快捷卡片，准备做家务，想边听歌边收拾，让我一眼确认蓝牙耳机是否已连接，再保留一个音乐入口，随手就能打开，操作尽量直接一点。
N883,备忘录+导航,跳转到备忘录；跳转去导航,memo_location_navigation,freelance_creator,跑完最后一个地点想直接返程。给我做个备忘导航小组件，先告诉我清单还缺什么，点一下看详情，再点一下就能开始回家导航，操作尽量直接一点。
N884,闹钟+音乐,跳转到每日30首和收藏页面；跳转闹钟,sleep_music_alarm,coffee_regular,晚上想听点轻松的早点睡，给我来个音乐闹钟卡片，点一下打开我常听的助眠歌单，同时让我顺手核对起床闹钟，最好一眼就能看明白。
N885,闹钟+音乐,跳转到每日30首和收藏页面；跳转闹钟,sleep_music_alarm,fitness_runner,给我做个晚安小组件，加班结束后脑子还停不下来，把晚间常听的音乐放在顺手的位置，再显示最近的起床提醒，并能打开闹钟，最好一眼就能看明白。
N886,天气+电池,查询天气状况；跳转到电池设置页面,weather_battery_protect,frequent_business_traveler,帮我做个天气电量卡片，下雨天要长时间用手机，把天气现象、体感和预警放在一起，同时把当前电量、充电状态和电池入口放在一起，信息简单点就行。
N887,相机+导航,跳转到相机界面；跳转去导航,spot_shooting_return,frequent_business_traveler,到地方要马上开拍，拍完就返程，想要一个外拍导航小组件，留一个相机入口，到点就能开始拍，另外让我少点几步就能导航回家，别让我来回切应用。
N888,电话+位置,拨打电话,low_battery_safety_contact,forgetful_living_senior,我想要一个位置联络卡片，晚上回去得晚，想先报个平安，把当前位置作为后续安排的参考，再把常用联系人和拨号入口放在一起，最好一眼就能看明白。
N889,运动健康+系统设置,跳转锻炼时长页；开启专注免打扰开关；模式切换（免打扰、睡眠、学习）,sport_focus_mode,fitness_runner,给我做个运动专注卡片，户外运动时不方便频繁看手机，让我先确认今天练了多久，也能进入运动记录，再把专注模式入口放上去，开始前直接切换，我想少点几下。
N890,备忘录+运动健康,跳转到备忘录；跳转锻炼时长页,memo_sport_execution,young_chronic_medication_user,照着备忘去锻炼时总要来回切应用。帮我做个锻炼清单卡片，显示备忘里的安排，并保留备忘录入口，另外先看看今天的训练记录，再决定下一步，操作尽量直接一点。
N891,电池+位置,跳转到电池设置页面,low_battery_safety_contact,car_commuter,给我做个外出安全小组件，跑单途中电量偏低，想先确认自己位置，先看看手机还剩多少电，再决定后面的安排，另外把出发位置和当前位置放在一起，操作尽量直接一点。
N892,电话+电池,跳转到电池设置页面；拨打电话,low_battery_safety_contact,car_commuter,给我做个低电量联络卡片，跑单途中快没电，想先留好联络方式，告诉我剩余电量，点一下再看电池详情，另外把常用联系人和拨号入口放在一起。
N893,相机+位置,跳转到相机界面,spot_shooting_return,short_trip_errand_user,给我做个外拍位置卡片，走到陌生街区想随手拍一下，显示我此刻的位置，别让我手动再找，再让我少点几步就能进入相机，临时要用时别绕太多层。
N894,日历+导航,查询日程；跳转日程；跳转去导航,schedule_location_navigation,field_sales_worker,周末一早要去公司参加培训会，想要一个上班行程小组件，显示下一项安排的名称、时间和日程入口，另外把当前位置到公司的路线入口放在一起，信息简单点就行。
N895,日历+运动健康,查询日程；跳转日程；跳转锻炼时长页,schedule_sport_readiness,internet_overtime_worker,准备按日程去锻炼，帮我做个锻炼计划卡片，让我看清今天还有什么安排，也能打开日程，同时显示今天的活动进度，点一下查看锻炼详情。
N896,天气+位置,查询天气状况,weather_location_shooting_decision,night_market_vendor,在外面选拍摄地点，拿不准天气。做个当前位置天气卡片，把当前所在位置放上去，另外让我先看天气和温度，再决定是否出门，赶时间时也方便用。
N897,日历+运动健康,查询日程；跳转日程；跳转锻炼时长页,schedule_sport_readiness,internet_overtime_worker,下班后计划运动，不确定今天练得够不够，给我做个锻炼计划卡片，先告诉我下一件事几点开始，并能进入日程，同时把运动时长和当前状态放上去，把最重要的放前面。
N898,日历+相机,查询日程；跳转日程；跳转到相机界面,spot_shooting_return,college_exam_student,今天有几个拍摄时间点，想整一个到点开拍小组件，让我看清今天还有什么安排，也能打开日程，再到地方后能快速打开相机，信息简单点就行。
N899,备忘录+运动健康,跳转到备忘录；跳转锻炼时长页,memo_sport_execution,retired_senior,今天的训练计划还没做完。请帮我做个锻炼清单卡片，显示备忘里的安排，并保留备忘录入口，另外显示今天的活动进度，点一下查看锻炼详情，操作尽量直接一点。
N900,日历+相机,查询日程；跳转日程；跳转到相机界面,spot_shooting_return,college_exam_student,拍摄安排快到了，想整一个拍摄日程卡片，让我看清今天还有什么安排，也能打开日程，另外把相机入口放上去，适合时马上开拍。
N901,运动健康+音乐,跳转锻炼时长页；跳转到每日30首和收藏页面,sport_music_control,freelance_home_worker,开始运动前想先确认状态。给我做个训练听歌小组件，让我先确认今天练了多久，也能进入运动记录，同时让我运动时能快速进入常听音乐，我想少点几下。
N902,闹钟+系统设置,跳转闹钟；模式切换（免打扰、睡眠、学习）,bedtime_tomorrow_plan,gen_z_student,晚上不想再被消息吵到，给我来个睡前设置卡片，把起床提醒和闹钟入口放在一起，再准备休息时能直接切到睡眠模式，把最重要的放前面。
N903,备忘录+系统设置,跳转到备忘录；开启专注免打扰开关；模式切换（免打扰、睡眠、学习）,memo_focus_setup,office_worker,给我做个收尾小组件，准备集中处理一批待办，把备忘里的待办和提醒时间带上，点一下能进备忘录，再保留一个专注开关，避免中途被打断，最好一眼就能看明白。
N904,闹钟+运动健康,跳转睡眠页；跳转闹钟,sleep_alarm_adjust,retired_senior,我想要一个睡眠闹钟卡片，昨晚睡得有点晚，明早还得早起，显示入睡、醒来时间和总睡眠时长，再把起床提醒和闹钟入口放在一起，操作尽量直接一点。
N905,备忘录+导航,跳转到备忘录；跳转去导航,memo_location_navigation,freelance_creator,临时办事结束，不想再找路线。给我做个回家事项卡片，让我快速过一遍准备清单和提醒，同时从当前位置直接导航回家，最好一眼就能看明白。
N906,日历+运动健康,查询日程；跳转日程；跳转锻炼时长页,schedule_sport_readiness,internet_overtime_worker,给我做个训练日程小组件，晚上有训练安排，想先看看今天状态，让我先确认行程时间，点一下再看详情，再把本次运动时长和热量放在一起，临时要用时别绕太多层。
N907,电话+位置,拨打电话,low_battery_safety_contact,forgetful_living_senior,我想要一个位置联络卡片，一个人在外面，想让家里知道位置，显示当前位置，方便家里人知道我在哪，另外紧急时能一键打给家里人，别让我来回切应用。
N908,音乐+系统设置,模式切换（免打扰、睡眠、学习）；跳转到每日30首和收藏页面,music_focus_sleep,mobile_gamer,晚上看完书准备休息。给我来个晚间音乐卡片，准备睡觉时少点几步就能安静下来，同时让我睡前能快速进入常听歌单，临时要用时别绕太多层。
N909,日历+运动健康,查询日程；跳转日程；跳转锻炼时长页,schedule_sport_readiness,internet_overtime_worker,下班后计划运动，不确定今天练得够不够。想要一个训练日程小组件，把明天的安排和提醒时间带上，另外让我快速看运动数据和完成情况，我想少点几下。
N910,日历+系统设置,查询日程；跳转日程；开启专注免打扰开关；模式切换（免打扰、睡眠、学习）,focus_before_meeting,senior_programmer,来个会前小组件，下一场客户会快开始了，让我先看清几点开什么会，点一下还能进日程，再让我少点几步就能开启专注，别让我来回切应用。
N911,备忘录+闹钟,跳转到备忘录；跳具体的tab页（跳转世界时钟、秒表、计时器）,pet_fed_tracker,new_parent,今天家里人轮流照顾宠物，请帮我做个宠物记录卡片，把宠物照护记录和提醒放在一起，再需要计时时能直接打开计时器，把最重要的放前面。
N912,备忘录+闹钟,跳转到备忘录；跳具体的tab页（跳转世界时钟、秒表、计时器）,memo_timed_reminder,new_parent,我想要一个定时待办小组件，忙起来总记不住下一件事，显示备忘内容和最近提醒，方便继续处理，同时把计时器入口放上去，点一下就能开始准备，赶时间时也方便用。
N913,闹钟+音乐,跳转到每日30首和收藏页面；跳转闹钟,sleep_music_alarm,coffee_regular,加班结束后脑子还停不下来。想整一个晚安小组件，点一下进入收藏歌单，不用再找音乐，同时把闹钟入口留出来，方便确认明早时间。
N914,日历+导航,查询日程；跳转日程；跳转去导航,schedule_location_navigation,frequent_business_traveler,下一项安排在公司，快到出发时间了。帮我做个日程导航卡片，显示下一项安排的名称、时间和日程入口，同时点一下直接进入去公司的导航，把最重要的放前面。
N915,日历+天气,查询日程；跳转日程；查询天气状况,schedule_weather_prep,field_sales_worker,今天要去外面参加项目同步会，给我做个行程天气卡片，把接下来的会议时间列出来，也保留日程入口，同时让我先看天气和温度，再决定是否出门，我想少点几下。
N916,相机+位置,跳转到相机界面,spot_shooting_return,short_trip_errand_user,给我做个外拍位置卡片，做街拍时要确认当前地点，把出发位置和当前位置放在一起，再让我从卡片直接进入相机，信息简单点就行。
N917,天气+相机,查询天气状况；跳转到相机界面,weather_photo_prep,urban_fashion_woman,想整一个外拍天气卡片，准备出门取景，怕天气突然变，把当前天气和空气情况放上去，同时让我少点几步就能进入相机，赶时间时也方便用。
N918,备忘录+导航,跳转到备忘录；跳转去导航,memo_location_navigation,freelance_creator,给我做个备忘导航小组件，临时办事结束，不想再找路线，让我快速过一遍准备清单和提醒，再让我少点几步就能导航回家，赶时间时也方便用。
N919,天气+备忘录,跳转到备忘录；查询天气状况,trip_luggage_weather,market_grocery_buyer,今晚要出趟门，行李还没收完，我想要一个行李天气小组件，把出门前要带的东西列出来，也能打开备忘录，再把会不会下雨和天气提醒放在一起，我想少点几下。
N920,电话+位置,拨打电话,low_battery_safety_contact,forgetful_living_senior,到陌生地方后需要尽快联系家人。麻烦做个位置联络卡片，显示我此刻的位置，别让我手动再找，同时留一个快速拨号入口，方便随时报平安，别让我来回切应用。
N921,电池+导航,跳转到电池设置页面；跳转去导航,low_battery_trip_guard,delivery_ride_worker,手机电量不多了还得赶回家。来个回家电量卡片，让我先确认手机还有多少电，也能进入电池设置，同时把回家路线入口放上去，把最重要的放前面。
N922,日历+运动健康,查询日程；跳转日程；跳转锻炼时长页,schedule_sport_readiness,internet_overtime_worker,准备按日程去锻炼，想要一个锻炼计划卡片，先显示最近一项日程和开始时间，另外把本次运动时长和热量放在一起，临时要用时别绕太多层。
N923,电池+相机,跳转到电池设置页面；跳转到相机界面,shooting_battery_check,college_exam_student,给我来个开拍准备卡片，出门拍摄前发现电量一般，把电量状态放在最显眼的位置，也保留详情入口，同时点一下就能开相机，别让我现场再找，操作尽量直接一点。
N924,闹钟+运动健康,跳转睡眠页；跳转闹钟,sleep_alarm_adjust,young_chronic_medication_user,准备睡觉前想看看最近休息情况。想要一个早起睡眠卡片，显示睡眠时长和综合状态，同时把闹钟入口留出来，方便确认明早时间，别让我来回切应用。
N925,位置+导航,跳转去导航,current_location_navigation,novice_driver,到陌生地方后想确认返程路线，想要一个位置导航卡片，让我一眼看到当前所在地点，同时需要返程时能直接打开回家导航，最好一眼就能看明白。
N926,运动健康+音乐,跳转锻炼时长页；跳转到每日30首和收藏页面,sport_music_control,freelance_home_worker,准备去跑步，想顺手放点常听的歌，帮我做个运动音乐卡片，看看今天的运动状态和锻炼时长，点一下能看详情，同时把常听歌单放上去，少翻几层页面，我想少点几下。
N927,备忘录+运动健康,跳转到备忘录；跳转锻炼时长页,memo_sport_execution,retired_senior,麻烦做个运动待办小组件，最近想按计划把运动坚持下来，先列出备忘里的重点事项和提醒时间，再显示步数、运动时间和消耗情况。
N928,电池+导航,跳转到电池设置页面；跳转去导航,low_battery_trip_guard,car_commuter,帮我做个低电量返程卡片，手机电量不多了还得赶回家，把当前电量、充电状态和电池入口放在一起，另外把回家路线入口放上去，别让我来回切应用。
N929,相机+导航,跳转到相机界面；跳转去导航,spot_shooting_return,frequent_business_traveler,给我做个拍摄返程卡片，准备在外面拍一会儿，结束后直接回去，保留一个明显的拍摄入口，另外让我少点几步就能导航回家，信息简单点就行。
N930,天气+电话,查询天气状况；拨打电话,weather_care_contact,night_market_vendor,家里人今天要出门。来个天气关怀卡片，显示会不会下雨，有恶劣天气就标出来，同时把常用联系人和拨号入口放在一起，我想少点几下。
N931,日历+导航,查询日程；跳转日程；跳转去导航,schedule_location_navigation,field_sales_worker,今晚一早要去公司参加家长会。给我做个上班行程小组件，显示下一项安排的名称、时间和日程入口，同时把当前位置到公司的路线入口放在一起，我想少点几下。
N932,电池+导航,跳转到电池设置页面；跳转去导航,low_battery_trip_guard,car_commuter,跑完最后一单准备返程，帮我做个回家电量卡片，显示剩余电量和充电状态，点一下能看电池详情，另外留一个明显的回家导航入口，赶时间时也方便用。
N933,位置+导航,跳转去导航,current_location_navigation,novice_driver,想要一个返程小组件，忙完手上的事，不想再找当前位置，让我一眼看到当前所在地点，再让我从卡片直接开始返程导航，最好一眼就能看明白。
N934,相机+位置,跳转到相机界面,spot_shooting_return,short_trip_errand_user,在外面看到不错的取景点，帮我做个外拍位置卡片，让我先确认自己现在在哪儿，另外把相机入口放上去，适合时马上开拍，信息简单点就行。
N935,备忘录+相机,跳转到备忘录；跳转到相机界面,photo_trip_check,co_renting_young_adult,想整一个外拍准备小组件，到了现场要马上开拍，显示清单标题、内容和备忘录入口，另外准备好后点一下直接开相机，临时要用时别绕太多层。
N936,日历+运动健康,查询日程；跳转日程；跳转锻炼时长页,schedule_sport_readiness,internet_overtime_worker,下班后计划运动，不确定今天练得够不够。帮我做个锻炼计划卡片，把接下来的安排和时间放在一起，点一下能看日程，同时让我快速看运动数据和完成情况，把最重要的放前面。
N937,电池+系统设置,跳转到电池设置页面；一键开启省电模式,low_battery_outdoor,senior_programmer,今天要在外面跑一整天，弄个出门续航卡片，让我先确认手机还有多少电，也能进入电池设置，另外电量偏低时让我少点一步就能省电。
N938,备忘录+电话,跳转到备忘录；拨打电话,memo_call_briefing,new_parent,我想要一个联络要点卡片，马上要和客户沟通，让我在联系对方前快速看一遍备忘，另外留一个一键联系入口，方便马上沟通，临时要用时别绕太多层。
N939,闹钟+运动健康,跳转睡眠页；跳转闹钟,sleep_alarm_adjust,young_chronic_medication_user,准备睡觉前想看看最近休息情况。想要一个睡眠闹钟卡片，显示昨晚睡了多久，点一下能看睡眠详情，再把明早的闹钟入口放上去，点一下能查看，临时要用时别绕太多层。
N940,音乐+系统设置,跳转到每日30首和收藏页面,headset_music_shortcut,mobile_gamer,给我来个音乐快捷卡片，准备做家务，想边听歌边收拾，把耳机连接和电量状态放在一起，再留一个常听歌单入口，戴上耳机就能打开，信息简单点就行。
N941,相机+位置,跳转到相机界面,spot_shooting_return,frequent_business_traveler,给我做个取景小组件，走到陌生街区想随手拍一下，让我先确认自己现在在哪儿，再准备好后点一下直接开相机，操作尽量直接一点。
N942,日历+备忘录+闹钟,跳转到备忘录；查询日程；跳转日程；跳转闹钟,sleep_next_day_duration_forecast,office_worker,明早安排多，怕漏掉待办和起床时间。想要一个睡前计划小组件，把备忘里的待办和提醒时间带上，点一下能进备忘录，先告诉我下一件事几点开始，并能进入日程，同时把闹钟入口留出来，方便确认明早时间。
N943,天气+备忘录,跳转到备忘录；查询天气状况,trip_luggage_weather,newlywed_household_manager,周末要出趟门，行李还没收完。想要一个出行清单卡片，先告诉我清单还缺什么，点一下看详情，另外看看当地天气、体感温度和会不会下雨，把最重要的放前面。
N944,音乐+系统设置,跳转到每日30首和收藏页面,headset_music_shortcut,fitness_runner,准备做家务，想边听歌边收拾。想要一个通勤听歌小组件，显示左右耳机和耳机盒的电量情况，另外点一下打开每日推荐或收藏歌单，最好一眼就能看明白。
N945,日历+导航,查询日程；跳转日程；跳转去导航,schedule_location_navigation,field_sales_worker,今晚一早要去公司参加部门例会，想要一个上班行程小组件，先显示最近一项日程和开始时间，再让我从当前位置马上开始去公司导航。
N946,相机+导航,跳转到相机界面；跳转去导航,spot_shooting_return,short_trip_errand_user,想要一个开拍回家卡片，准备在外面拍一会儿，结束后直接回去，把相机入口放上去，适合时马上开拍，同时从当前位置直接导航回家，最好一眼就能看明白。
N947,电话+位置,拨打电话,low_battery_safety_contact,forgetful_living_senior,一个人在外面，想让家里知道位置。请帮我做个安全联系卡片，把当前所在位置放上去，同时让我不用翻通讯录就能联系家里，操作尽量直接一点。
N948,位置+导航,跳转去导航,current_location_navigation,novice_driver,帮我做个返程小组件，到陌生地方后想确认返程路线，把出发位置和当前位置放在一起，再需要返程时能直接打开回家导航。
N949,电话+位置,拨打电话,low_battery_safety_contact,forgetful_living_senior,晚上回去得晚，想先报个平安，麻烦做个报平安小组件，显示当前位置，方便家里人知道我在哪，另外把常用联系人和拨号入口放在一起，我想少点几下。
N950,运动健康+系统设置,跳转锻炼时长页；开启专注免打扰开关；模式切换（免打扰、睡眠、学习）,sport_focus_mode,gen_z_student,今晚训练安排比较紧。想整一个训练模式小组件，把运动时长和当前状态放上去，同时开会或训练前可以直接打开免打扰。
N951,日历+电话,查询日程；跳转日程；拨打电话,schedule_quick_contact,office_worker,帮我做个安排确认卡片，下一项日程需要提前联系对方，把会议安排和具体时间放上去，点一下能核对日程，再需要时能直接给对方打电话，我想少点几下。
N952,备忘录+相机,跳转到备忘录；跳转到相机界面,photo_trip_check,co_renting_young_adult,准备外拍，怕漏带东西。帮我做个拍摄清单卡片吧，把备忘里的准备清单带上，点一下能查看原文，再到地方后能快速打开相机。
N953,闹钟+运动健康,跳转睡眠页；跳转闹钟,sleep_alarm_adjust,young_chronic_medication_user,最近总觉得没睡够，想要一个早起睡眠卡片，显示睡眠时长和综合状态，再显示最近的起床提醒，并能打开闹钟。
N954,备忘录+电话,跳转到备忘录；拨打电话,memo_call_briefing,new_parent,准备给房东打电话确认事情，麻烦做个沟通准备小组件，先列出备忘里的关键内容和待确认事项，同时保留快速联系按钮，临时有事能及时沟通，操作尽量直接一点。
N955,天气+位置,查询天气状况,weather_location_shooting_decision,delivery_ride_worker,到陌生地方后想先看当前位置和天气，弄个户外决策小组件，让我一眼看到当前所在地点，再让我先看天气和温度，再决定是否出门，把最重要的放前面。
N956,天气+电话,查询天气状况；拨打电话,weather_care_contact,night_market_vendor,看到家那边天气不太好，做个天气联系卡片，让我先确认天气状况和风险提醒，再让我不用翻通讯录就能联系家里，最好一眼就能看明白。
N957,日历+天气,查询日程；跳转日程；查询天气状况,schedule_weather_prep,frequent_business_traveler,下午要赶去客户那边，给我做个日程天气卡片，先告诉我下一场会是什么时候，还能直接看日程，另外把会不会下雨和天气提醒放在一起，把最重要的放前面。
N958,电池+相机,跳转到电池设置页面；跳转到相机界面,shooting_battery_check,college_exam_student,想整一个开拍准备卡片，到现场后想直接开拍，显示剩余电量和充电状态，点一下能看电池详情，同时把相机入口放上去，适合时马上开拍，操作尽量直接一点。
N959,天气+备忘录,跳转到备忘录；查询天气状况,trip_luggage_weather,market_grocery_buyer,今晚要出趟门，行李还没收完，我想要一个行李天气小组件，把备忘里的准备清单带上，点一下能查看原文，同时看看当地天气、体感温度和会不会下雨，临时要用时别绕太多层。
N960,电话+位置,拨打电话,low_battery_safety_contact,forgetful_living_senior,临时换了位置，准备和家里说一声，请帮我做个安全联系卡片，让我先确认自己现在在哪儿，同时留一个快速拨号入口，方便随时报平安。
N961,相机+位置,跳转到相机界面,spot_shooting_return,short_trip_errand_user,给我做个取景小组件，做活动跟拍时要确认当前地点，让我先确认自己现在在哪儿，再让我少点几步就能进入相机，操作尽量直接一点。
N962,备忘录+导航,跳转到备忘录；跳转去导航,memo_location_navigation,freelance_creator,给我做个办事返程卡片，外出办完事准备回家，把备忘中的注意事项放在一起，另外显示当前位置后可以马上导航回家，操作尽量直接一点。
N963,运动健康+音乐,跳转锻炼时长页；跳转到每日30首和收藏页面,sport_music_control,freelance_home_worker,给我做个运动音乐卡片，健身时不想来回切应用，显示今天的活动进度，点一下查看锻炼详情，同时点一下打开每日推荐或收藏歌单，别让我来回切应用。
N964,闹钟+音乐,跳转到每日30首和收藏页面；跳转闹钟,sleep_music_alarm,coffee_regular,晚上想听点轻松的早点睡。给我来个晚安小组件，让我睡前能快速进入常听歌单，再把闹钟入口留出来，方便确认明早时间。
N965,天气+相机,查询天气状况；跳转到相机界面,weather_photo_prep,urban_fashion_woman,周末约了外拍。帮我做个外拍天气卡片吧，把当前天气和空气情况放上去，另外保留一个明显的拍摄入口，最好一眼就能看明白。
N966,电池+系统设置,跳转到电池设置页面；一键开启省电模式,low_battery_outdoor,senior_programmer,做个出门续航卡片，准备开始跑单，手机还没充满，显示手机电量和是否在充电，同时电量紧张时能马上切到省电状态，把最重要的放前面。
N967,电池+系统设置,跳转到电池设置页面；一键开启省电模式,low_battery_outdoor,senior_programmer,出门前发现手机电量不太多。弄个出门续航卡片，显示手机电量和是否在充电，同时把省电模式入口放在顺手的位置。
N968,相机+位置,跳转到相机界面,spot_shooting_return,short_trip_errand_user,走到陌生街区想随手拍一下，给我做个取景小组件，把出发位置和当前位置放在一起，另外准备好后点一下直接开相机，最好一眼就能看明白。
N969,电池+运动健康,跳转到电池设置页面；跳转锻炼时长页,outdoor_sport_device_guard,college_exam_student,帮我做个训练电量卡片吧，户外训练时间会比较长，显示手机电量和是否在充电，再显示今天的活动进度，点一下查看锻炼详情，赶时间时也方便用。
N970,备忘录+运动健康,跳转到备忘录；跳转锻炼时长页,memo_sport_execution,retired_senior,今天的训练计划还没做完，请帮我做个锻炼清单卡片，显示备忘里的安排，并保留备忘录入口，再让我快速看运动数据和完成情况，赶时间时也方便用。
N971,闹钟+音乐,跳转到每日30首和收藏页面；跳转闹钟,sleep_music_alarm,coffee_regular,加班结束后脑子还停不下来。想整一个助眠提醒卡片，把晚间常听的音乐放在顺手的位置，再让我看完安排后能直接去看闹钟，信息简单点就行。
N972,闹钟+音乐,跳转到每日30首和收藏页面；跳转闹钟,sleep_music_alarm,gen_z_student,帮我做个音乐闹钟卡片吧，加班结束后脑子还停不下来，让我睡前能快速进入常听歌单，另外让我顺手核对起床闹钟，赶时间时也方便用。
N973,闹钟+系统设置,跳转闹钟；模式切换（免打扰、睡眠、学习）,bedtime_tomorrow_plan,fitness_runner,明天要早起，想把睡前设置一次弄好，给我做个晚间安排卡片，让我顺手核对起床闹钟，同时把睡眠模式入口放上去，把最重要的放前面。
N974,备忘录+闹钟,跳转到备忘录；跳具体的tab页（跳转世界时钟、秒表、计时器）,pet_fed_tracker,young_chronic_medication_user,晚上回家要核对宠物照护记录，帮我做个宠物照护卡片，显示最近一次喂食记录和备注，再留一个计时入口，方便按时处理，临时要用时别绕太多层。
N975,电池+运动健康,跳转到电池设置页面；跳转锻炼时长页,outdoor_sport_device_guard,college_exam_student,准备开始运动，怕手机中途没电。帮我做个运动续航卡片吧，让我先确认手机还有多少电，也能进入电池设置，同时先看看今天的训练记录，再决定下一步。
N976,相机+位置,跳转到相机界面,spot_shooting_return,frequent_business_traveler,在外面看到不错的取景点。给我做个取景小组件，让我一眼看到当前所在地点，再把相机入口放上去，适合时马上开拍，别让我来回切应用。
N977,运动健康+系统设置,跳转锻炼时长页；开启专注免打扰开关；模式切换（免打扰、睡眠、学习）,sport_focus_mode,gen_z_student,今晚训练安排比较紧，帮我做个锻炼状态卡片吧，看看今天的运动状态和锻炼时长，点一下能看详情，另外让我少点几步就能开启专注，最好一眼就能看明白。
N978,电话+电池,跳转到电池设置页面；拨打电话,low_battery_safety_contact,car_commuter,跑单途中快没电，想先留好联络方式。想要一个低电量联络卡片，先看看手机还剩多少电，再决定后面的安排，再把家人联系方式放上去，点一下就能拨号，临时要用时别绕太多层。
N979,日历+电话,查询日程；跳转日程；拨打电话,schedule_quick_contact,office_worker,出发前想先确认这场安排，想要一个会议联络小组件，先告诉我下一场会是什么时候，还能直接看日程，再留一个一键联系入口，方便马上沟通，最好一眼就能看明白。
N980,闹钟+系统设置,跳转闹钟；模式切换（免打扰、睡眠、学习）,bedtime_tomorrow_plan,fitness_runner,最近总是睡前忘记切模式。想要一个晚间安排卡片，让我顺手核对起床闹钟，再准备休息时能直接切到睡眠模式，操作尽量直接一点。
N981,音乐+系统设置,模式切换（免打扰、睡眠、学习）；跳转到每日30首和收藏页面,music_focus_sleep,mobile_gamer,加班结束想早点安静下来。想整一个晚间音乐卡片，保留睡眠模式切换，避免继续被消息打扰，再点一下进入收藏歌单，不用再找音乐，最好一眼就能看明白。
N982,闹钟+音乐,跳转到每日30首和收藏页面；跳转闹钟,sleep_music_alarm,coffee_regular,明早要早起，今晚想早点休息。帮我做个助眠提醒卡片吧，点一下进入收藏歌单，不用再找音乐，同时点一下就能打开明早的闹钟，我想少点几下。
N983,运动健康+音乐,跳转锻炼时长页；跳转到每日30首和收藏页面,sport_music_control,freelance_home_worker,准备去徒步，想顺手放点常听的歌。想要一个运动音乐卡片，让我先确认今天练了多久，也能进入运动记录，再点一下能直接进我收藏的歌单，赶时间时也方便用。
N984,电话+位置,拨打电话,low_battery_safety_contact,forgetful_living_senior,麻烦做个报平安小组件，到陌生地方后需要尽快联系家人，把当前位置作为后续安排的参考，同时让我能从卡片马上联系家里人，别让我来回切应用。
N985,日历+电话,查询日程；跳转日程；拨打电话,schedule_quick_contact,office_worker,评审会快开始了，还没和对方确认，想要一个会议联络小组件，让我一眼看到会议标题和时间，点一下查看详情，另外让我确认联系人后直接拨过去，信息简单点就行。
N986,天气+位置,查询天气状况,weather_location_shooting_decision,delivery_ride_worker,在外面选拍摄地点，拿不准天气。来个位置天气卡片，把当前位置作为后续安排的参考，同时告诉我出门时是什么天气，有预警就提醒，最好一眼就能看明白。
N987,电话+电池,跳转到电池设置页面；拨打电话,low_battery_safety_contact,night_market_vendor,弄个安全联系小组件，出差路上电量偏低，显示手机电量和是否在充电，另外需要帮助时能直接给家人打电话，操作尽量直接一点。
N988,相机+导航,跳转到相机界面；跳转去导航,spot_shooting_return,freelance_creator,帮我做个外拍导航小组件，到地方要马上开拍，拍完就返程，把相机入口放上去，适合时马上开拍，再让我少点几步就能导航回家，信息简单点就行。
N989,天气+电话,查询天气状况；拨打电话,weather_care_contact,night_market_vendor,弄个天气关怀卡片，看到家那边天气不太好，天气变差时给我一个明显提醒，同时紧急时能一键打给家里人，最好一眼就能看明白。
N990,电话+导航,跳转去导航；拨打电话,arrival_contact_navigation,novice_driver,去公司前想把路线和联系人放一起。给我做个导航联系卡片，把当前位置到公司的路线入口放在一起，另外保留快速联系按钮，临时有事能及时沟通，赶时间时也方便用。
N991,电话+位置,拨打电话,low_battery_safety_contact,forgetful_living_senior,麻烦做个位置联络卡片，临时换了位置，准备和家里说一声，让我先确认自己现在在哪儿，同时留一个快速拨号入口，方便随时报平安，我想少点几下。
N992,音乐+系统设置,模式切换（免打扰、睡眠、学习）；跳转到每日30首和收藏页面,music_focus_sleep,mobile_gamer,帮我做个助眠小组件吧，午休前想听点轻松的，准备睡觉时少点几步就能安静下来，另外留一个舒缓音乐入口，准备休息时直接打开，别让我来回切应用。
N993,闹钟+音乐,跳转到每日30首和收藏页面；跳转闹钟,sleep_music_alarm,fitness_runner,加班结束后脑子还停不下来。想要一个晚安小组件，把收藏里的轻音乐入口放上去，同时显示最近的起床提醒，并能打开闹钟，别让我来回切应用。
N994,电话+导航,跳转去导航；拨打电话,arrival_contact_navigation,novice_driver,快到出发时间，还需要联系对方。想要一个到达前联系卡片，把去公司的导航入口放上去，同时留一个一键联系入口，方便马上沟通，最好一眼就能看明白。
N995,天气+电话,查询天气状况；拨打电话,weather_care_contact,field_sales_worker,父母那边可能有大风降雨。想要一个家人联络小组件，把天气现象、体感和预警放在一起，同时让我不用翻通讯录就能联系家里，操作尽量直接一点。
N996,天气+运动健康,查询天气状况；跳转锻炼时长页,weather_sport_decision,fitness_runner,今天想去力量训练，想要一个锻炼决策卡片，看看当地天气、体感温度和会不会下雨，同时显示今天的活动进度，点一下查看锻炼详情，最好一眼就能看明白。
N997,日历+电话,查询日程；跳转日程；拨打电话,schedule_quick_contact,office_worker,出发前想先确认这场安排。给我做个日程联系卡片，先告诉我下一场会是什么时候，还能直接看日程，再让我确认联系人后直接拨过去，我想少点几下。
N998,日历+系统设置,查询日程；跳转日程；开启专注免打扰开关；模式切换（免打扰、睡眠、学习）,focus_before_meeting,senior_programmer,开培训会前想先把状态调整好，来个会前小组件，把会议名称、开始时间和日程入口放在一起，另外让我能从卡片快速进入专注状态，信息简单点就行。
N999,天气+位置,查询天气状况,weather_location_shooting_decision,delivery_ride_worker,准备在附近活动一会儿。来个位置天气卡片，把当前位置作为后续安排的参考，另外把会不会下雨和天气提醒放在一起，操作尽量直接一点。
N1000,天气+相机,查询天气状况；跳转到相机界面,weather_photo_prep,urban_fashion_woman,想整一个拍摄天气卡片，周末约了外拍，显示天气现象和体感，方便决定怎么准备，同时把相机入口放上去，适合时马上开拍，操作尽量直接一点。
N1001,天气+电话,查询天气状况；拨打电话,weather_care_contact,field_sales_worker,天气突然变差，想问问家里情况。帮我做个天气联系卡片，先看看天气是不是适合按原计划出门，同时需要帮助时能直接给家人打电话，信息简单点就行。
N1002,闹钟+系统设置,跳转闹钟；模式切换（免打扰、睡眠、学习）,bedtime_tomorrow_plan,gen_z_student,明天要早起，想把睡前设置一次弄好，想整一个睡前设置卡片，让我快速确认闹钟有没有设好，另外让我睡前能一键切换到安静状态。
N1003,天气+相机,查询天气状况；跳转到相机界面,weather_photo_prep,urban_fashion_woman,准备出门取景，怕天气突然变，帮我做个外拍天气卡片吧，显示天气现象和体感，方便决定怎么准备，再把相机入口放上去，适合时马上开拍，别让我来回切应用。
N1004,日历+相机,查询日程；跳转日程；跳转到相机界面,spot_shooting_return,college_exam_student,帮我做个拍摄日程卡片吧，拍摄安排快到了，先告诉我下一件事几点开始，并能进入日程，另外让我少点几步就能进入相机，别让我来回切应用。
N1005,电话+电池,跳转到电池设置页面；拨打电话,low_battery_safety_contact,car_commuter,手机电量不多了，还在外面。想要一个安全联系小组件，先看看手机还剩多少电，再决定后面的安排，再让我不用翻通讯录就能联系家里，临时要用时别绕太多层。
N1006,备忘录+导航,跳转到备忘录；跳转去导航,memo_location_navigation,freelance_creator,备忘里的事情处理完了，帮我做个办事返程卡片，先告诉我清单还缺什么，点一下看详情，再留一个明显的回家导航入口，我想少点几下。
N1007,备忘录+导航,跳转到备忘录；跳转去导航,memo_location_navigation,freelance_creator,跑完最后一个地点想直接返程，想要一个回家事项卡片，显示清单标题、内容和备忘录入口，再让我少点几步就能导航回家，信息简单点就行。
N1008,日历+导航,查询日程；跳转日程；跳转去导航,schedule_location_navigation,frequent_business_traveler,给我做个上班行程小组件，今晚一早要去公司参加部门例会，把明天的安排和提醒时间带上，同时让我从当前位置马上开始去公司导航，我想少点几下。
N1009,日历+天气,查询日程；跳转日程；查询天气状况,schedule_weather_prep,field_sales_worker,下午要赶去客户那边。帮我做个行程天气卡片，把接下来的会议时间列出来，也保留日程入口，同时把会不会下雨和天气提醒放在一起，我想少点几下。
N1010,天气+备忘录,跳转到备忘录；查询天气状况,trip_luggage_weather,household_stockpiler,帮我做个出行清单卡片，出差前想把清单和天气一起过一遍，显示备忘里的重点项目和未完成项，同时把当前天气和空气情况放上去，赶时间时也方便用。
N1011,电池+导航,跳转到电池设置页面；跳转去导航,low_battery_trip_guard,delivery_ride_worker,来个低电量返程卡片，跑完最后一单准备返程，显示剩余电量和充电状态，点一下能看电池详情，再把回家路线入口放上去，别让我来回切应用。
N1012,日历+相机,查询日程；跳转日程；跳转到相机界面,spot_shooting_return,college_exam_student,到点就得开拍，怕错过安排。帮我做个拍摄日程卡片吧，让我看清今天还有什么安排，也能打开日程，另外点一下就能开相机，别让我现场再找，信息简单点就行。
N1013,天气+电池,查询天气状况；跳转到电池设置页面,weather_battery_protect,night_market_vendor,极端天气出门前想检查设备。做个出门状态卡片，告诉我天气是否会影响接下来的安排，另外让我先确认手机还有多少电，也能进入电池设置，临时要用时别绕太多层。
N1014,备忘录+运动健康,跳转到备忘录；跳转锻炼时长页,memo_sport_execution,retired_senior,今天的训练计划还没做完。我想要一个运动待办小组件，显示备忘内容和最近提醒，方便继续处理，同时把本次运动时长和热量放在一起，信息简单点就行。
N1015,备忘录+运动健康,跳转到备忘录；跳转锻炼时长页,memo_sport_execution,retired_senior,最近想按计划把运动坚持下来，我想要一个运动待办小组件，把今天要做的事放上去，点一下查看备忘详情，另外把本次运动时长和热量放在一起，操作尽量直接一点。
N1016,备忘录+相机,跳转到备忘录；跳转到相机界面,photo_trip_check,co_renting_young_adult,帮我做个拍摄清单卡片吧，准备外拍，怕漏带东西，先告诉我清单还缺什么，点一下看详情，再保留一个明显的拍摄入口，最好一眼就能看明白。
N1017,天气+相机,查询天气状况；跳转到相机界面,weather_photo_prep,urban_fashion_woman,今天准备去做日落拍摄，帮我做个摄影准备小组件吧，把当前天气和空气情况放上去，同时把相机入口放上去，适合时马上开拍，信息简单点就行。
N1018,电池+位置,跳转到电池设置页面,low_battery_safety_contact,car_commuter,想要一个外出安全小组件，返程前想看看电量和当前位置，让我先确认手机还有多少电，也能进入电池设置，同时把当前所在位置放上去，临时要用时别绕太多层。
N1019,闹钟+音乐,跳转到每日30首和收藏页面；跳转闹钟,sleep_music_alarm,coffee_regular,想整一个音乐闹钟卡片，加班结束后脑子还停不下来，留一个舒缓音乐入口，准备休息时直接打开，再把明早的闹钟入口放上去，点一下能查看。
N1020,备忘录+相机,跳转到备忘录；跳转到相机界面,photo_trip_check,co_renting_young_adult,想整一个拍摄清单卡片，准备外拍，怕漏带东西，把备忘里的准备清单带上，点一下能查看原文，同时点一下就能开相机，别让我现场再找，我想少点几下。
N1021,备忘录+闹钟,跳转到备忘录；跳具体的tab页（跳转世界时钟、秒表、计时器）,pet_fed_tracker,new_parent,准备给猫添粮，又怕重复喂。我想要一个喂食提醒小组件，先看看今天的喂食备忘有没有完成，同时点一下能打开计时器查看剩余时间，赶时间时也方便用。
N1022,运动健康+音乐,跳转锻炼时长页；跳转到每日30首和收藏页面,sport_music_control,freelance_home_worker,健身时不想来回切应用。帮我做个锻炼音乐卡片，显示步数、运动时间和消耗情况，另外点一下打开每日推荐或收藏歌单，赶时间时也方便用。
N1023,音乐+系统设置,跳转到每日30首和收藏页面,headset_music_shortcut,mobile_gamer,给我来个音乐快捷卡片，耳机刚拿出来，想马上放点音乐，显示耳机连接状态和剩余电量，另外让我从卡片直接进入收藏音乐，临时要用时别绕太多层。
N1024,备忘录+导航,跳转到备忘录；跳转去导航,memo_location_navigation,freelance_creator,帮我做个回家事项卡片，备忘里的事情处理完了，显示清单标题、内容和备忘录入口，再显示当前位置后可以马上导航回家，把最重要的放前面。
N1025,备忘录+导航,跳转到备忘录；跳转去导航,memo_location_navigation,freelance_creator,跑完最后一个地点想直接返程，给我做个备忘导航小组件，显示备忘里的重点项目和未完成项，再让我少点几步就能导航回家，把最重要的放前面。
N1026,日历+相机,查询日程；跳转日程；跳转到相机界面,spot_shooting_return,college_exam_student,今天有几个拍摄时间点。想整一个摄影安排卡片，显示下一项安排的名称、时间和日程入口，再准备好后点一下直接开相机，临时要用时别绕太多层。
N1027,电话+导航,跳转去导航；拨打电话,arrival_contact_navigation,novice_driver,赶去公司开会，路上可能会晚，给我做个到达前联系卡片，需要出发时能直接打开公司路线，同时让我确认联系人后直接拨过去。
N1028,日历+导航,查询日程；跳转日程；跳转去导航,schedule_location_navigation,field_sales_worker,下一项安排在公司，快到出发时间了，给我做个日程导航卡片，把接下来的安排和时间放在一起，点一下能看日程，同时点一下能直接导航去公司，赶时间时也方便用。
N1029,日历+电话,查询日程；跳转日程；拨打电话,schedule_quick_contact,office_worker,帮我做个日程联系卡片，出发前想先确认这场安排，把会议名称、开始时间和日程入口放在一起，另外保留快速联系按钮，临时有事能及时沟通。
N1030,备忘录+系统设置,跳转到备忘录；开启专注免打扰开关；模式切换（免打扰、睡眠、学习）,memo_focus_setup,office_worker,今晚要把积压的事情收尾。想要一个专注事项卡片，显示备忘里的安排，并保留备忘录入口，再保留一个专注开关，避免中途被打断，最好一眼就能看明白。
N1031,日历+运动健康,查询日程；跳转日程；跳转锻炼时长页,schedule_sport_readiness,internet_overtime_worker,准备按日程去锻炼。给我做个训练日程小组件，显示下一项安排的名称、时间和日程入口，同时让我快速看运动数据和完成情况，把最重要的放前面。
N1032,日历+相机,查询日程；跳转日程；跳转到相机界面,spot_shooting_return,college_exam_student,帮我做个摄影安排卡片吧，周末晚上六点半有一场探店拍摄，把明天的安排和提醒时间带上，同时让我从卡片直接进入相机，我想少点几下。
N1033,天气+位置,查询天气状况,weather_location_shooting_decision,delivery_ride_worker,来个当前位置天气卡片，准备在附近活动一会儿，让我一眼看到当前所在地点，同时先看看天气是否适合在外面待一阵。
N1034,音乐+系统设置,跳转到每日30首和收藏页面,headset_music_shortcut,mobile_gamer,帮我做个音乐快捷卡片吧，准备做家务，想边听歌边收拾，把耳机是否在线放在最显眼的位置，再把收藏歌单入口放在最顺手的位置，赶时间时也方便用。
N1035,电池+系统设置,跳转到电池设置页面；一键开启省电模式,low_battery_outdoor,senior_programmer,准备开始跑单，手机还没充满。来个续航提醒卡片，让我先确认手机还有多少电，也能进入电池设置，另外电量偏低时让我少点一步就能省电，别让我来回切应用。
N1036,音乐+系统设置,模式切换（免打扰、睡眠、学习）；跳转到每日30首和收藏页面,music_focus_sleep,mobile_gamer,午休前想听点轻松的，帮我做个晚间音乐卡片吧，准备休息时能直接切到睡眠模式，另外让我从卡片直接打开助眠音乐，信息简单点就行。
N1037,天气+相机,查询天气状况；跳转到相机界面,weather_photo_prep,urban_fashion_woman,准备出门取景，怕天气突然变，帮我做个外拍天气卡片吧，告诉我出门时是什么天气，有预警就提醒，同时让我从卡片直接进入相机，信息简单点就行。
N1038,日历+电话,查询日程；跳转日程；拨打电话,schedule_quick_contact,office_worker,帮我做个日程联系卡片，项目同步会快开始了，还没和对方确认，让我先看清几点开什么会，点一下还能进日程，同时需要改计划时能马上打电话说明，操作尽量直接一点。
N1039,音乐+系统设置,跳转到每日30首和收藏页面,headset_music_shortcut,gen_z_student,准备做家务，想边听歌边收拾。帮我做个音乐快捷卡片吧，让我一眼确认蓝牙耳机是否已连接，再点一下能直接进我收藏的歌单，操作尽量直接一点。
N1040,日历+电话,查询日程；跳转日程；拨打电话,schedule_quick_contact,office_worker,临时可能会晚到几分钟，帮我做个安排确认卡片，把会议名称、开始时间和日程入口放在一起，另外需要时能直接给对方打电话。
N1041,天气+位置,查询天气状况,weather_location_shooting_decision,short_trip_errand_user,出门办事时想判断周围天气。给我做个位置天气卡片，显示我此刻的位置，别让我手动再找，再把当前天气和空气情况放上去，操作尽量直接一点。
N1042,日历+天气,查询日程；跳转日程；查询天气状况,schedule_weather_prep,frequent_business_traveler,想要一个出门安排小组件，今晚要去外面参加部门例会，让我一眼看到会议标题和时间，点一下查看详情，先看看天气是否适合在外面待一阵，别让我来回切应用。
N1043,天气+相机,查询天气状况；跳转到相机界面,weather_photo_prep,urban_fashion_woman,周末准备去做短视频拍摄，想整一个外拍天气卡片，把会不会下雨和天气提醒放在一起，再把相机入口放上去，适合时马上开拍，临时要用时别绕太多层。
N1044,音乐+系统设置,跳转到每日30首和收藏页面,headset_music_shortcut,gen_z_student,上车后不想再翻手机。想整一个通勤听歌小组件，显示左右耳机和耳机盒的电量情况，再点一下能直接进我收藏的歌单，我想少点几下。
N1045,音乐+系统设置,跳转到每日30首和收藏页面,headset_music_shortcut,mobile_gamer,通勤路上刚戴上耳机，想整一个音乐快捷卡片，让我一眼确认蓝牙耳机是否已连接，另外让我运动时能快速进入常听音乐，临时要用时别绕太多层。
N1046,日历+系统设置,查询日程；跳转日程；开启专注免打扰开关；模式切换（免打扰、睡眠、学习）,focus_before_meeting,senior_programmer,开客户会前想先把状态调整好。弄个会议专注卡片，把会议安排和具体时间放上去，点一下能核对日程，再开会或训练前可以直接打开免打扰，操作尽量直接一点。
N1047,日历+天气,查询日程；跳转日程；查询天气状况,schedule_weather_prep,field_sales_worker,接下来有场户外活动。给我做个日程天气卡片，显示下一场会议和开始时间，需要时能打开日程，同时显示天气现象和体感，方便决定怎么准备，最好一眼就能看明白。
N1048,备忘录+运动健康,跳转到备忘录；跳转锻炼时长页,memo_sport_execution,young_chronic_medication_user,照着备忘去锻炼时总要来回切应用，给我做个运动待办小组件，把今天要做的事放上去，点一下查看备忘详情，同时先看看今天的训练记录，再决定下一步。
N1049,运动健康+系统设置,跳转锻炼时长页；开启专注免打扰开关；模式切换（免打扰、睡眠、学习）,sport_focus_mode,fitness_runner,今晚训练安排比较紧。想要一个锻炼状态卡片，看看今天的运动状态和锻炼时长，点一下能看详情，再需要安静时能马上切到免打扰模式，信息简单点就行。
N1050,电话+导航,跳转去导航；拨打电话,arrival_contact_navigation,novice_driver,帮我做个出发联络小组件，准备去公司见客户，把去公司的导航入口放上去，再需要时能直接给对方打电话，赶时间时也方便用。
N1051,相机+位置,跳转到相机界面,spot_shooting_return,short_trip_errand_user,帮我做个位置拍摄卡片，找到合适位置后想马上开拍，显示当前位置，方便家里人知道我在哪，再让我少点几步就能进入相机，赶时间时也方便用。
N1052,备忘录+相机,跳转到备忘录；跳转到相机界面,photo_trip_check,co_renting_young_adult,到了现场要马上开拍，想整一个外拍准备小组件，把出门前要带的东西列出来，也能打开备忘录，同时把相机入口放上去，适合时马上开拍，操作尽量直接一点。
N1053,日历+导航,查询日程；跳转日程；跳转去导航,schedule_location_navigation,frequent_business_traveler,帮我做个日程导航卡片，早会不能迟到，想早点看路线，让我看清今天还有什么安排，也能打开日程，另外让我少点几步就能导航到公司，赶时间时也方便用。
N1054,备忘录+电话,跳转到备忘录；拨打电话,memo_call_briefing,new_parent,请帮我做个沟通准备小组件，马上要和客户沟通，显示备忘中的重点，避免临时忘词，同时让我确认联系人后直接拨过去，赶时间时也方便用。
N1055,运动健康+系统设置,跳转锻炼时长页；开启专注免打扰开关；模式切换（免打扰、睡眠、学习）,sport_focus_mode,fitness_runner,想要一个训练模式小组件，今晚训练安排比较紧，显示今天的活动进度，点一下查看锻炼详情，另外保留一个专注开关，避免中途被打断。
N1056,日历+运动健康,查询日程；跳转日程；跳转锻炼时长页,schedule_sport_readiness,internet_overtime_worker,想要一个锻炼计划卡片，准备按日程去锻炼，先告诉我下一件事几点开始，并能进入日程，另外先看看今天的训练记录，再决定下一步，我想少点几下。
N1057,备忘录+相机,跳转到备忘录；跳转到相机界面,photo_trip_check,co_renting_young_adult,帮我做个外拍准备小组件吧，今天拍摄环节多，想少切几个应用，把备忘中的注意事项放在一起，再保留一个明显的拍摄入口，信息简单点就行。
N1058,电池+运动健康,跳转到电池设置页面；跳转锻炼时长页,outdoor_sport_device_guard,college_exam_student,准备开始运动，怕手机中途没电。帮我做个运动续航卡片吧，显示剩余电量和充电状态，点一下能看电池详情，另外让我快速看运动数据和完成情况，最好一眼就能看明白。
N1059,备忘录+系统设置,跳转到备忘录；开启专注免打扰开关；模式切换（免打扰、睡眠、学习）,memo_focus_setup,office_worker,接下来一小时不想被打扰。给我做个专注事项卡片，显示备忘内容和最近提醒，方便继续处理，再把模式切换放在顺手的位置，信息简单点就行。
N1060,天气+位置,查询天气状况,weather_location_shooting_decision,delivery_ride_worker,出门办事时想判断周围天气。弄个户外决策小组件，让我先确认自己现在在哪儿，再看看当地天气、体感温度和会不会下雨，赶时间时也方便用。
